/*
Navicat MySQL Data Transfer

Source Server         : server
Source Server Version : 50516
Source Host           : 10.104.190.13:3306
Source Database       : movementdb

Target Server Type    : MYSQL
Target Server Version : 50516
File Encoding         : 65001

Date: 2018-05-15 16:08:57
*/

SET FOREIGN_KEY_CHECKS=0;

-- ----------------------------
-- Table structure for department
-- ----------------------------
DROP TABLE IF EXISTS `department`;
CREATE TABLE `department` (
  `id` int(11) NOT NULL AUTO_INCREMENT,
  `name` varchar(40) COLLATE utf8_unicode_ci NOT NULL,
  PRIMARY KEY (`id`),
  UNIQUE KEY `UNIQ_CD1DE18A5E237E06` (`name`)
) ENGINE=InnoDB AUTO_INCREMENT=36 DEFAULT CHARSET=utf8 COLLATE=utf8_unicode_ci;

-- ----------------------------
-- Records of department
-- ----------------------------
INSERT INTO `department` VALUES ('35', 'Auditoria');
INSERT INTO `department` VALUES ('2', 'Calidad');
INSERT INTO `department` VALUES ('3', 'Compras');
INSERT INTO `department` VALUES ('13', 'Contabilidad Empresarial');
INSERT INTO `department` VALUES ('12', 'Contabilidad Hotelera');
INSERT INTO `department` VALUES ('30', 'Contabilidad-UASI');
INSERT INTO `department` VALUES ('21', 'Cuadros');
INSERT INTO `department` VALUES ('22', 'Desarrollo');
INSERT INTO `department` VALUES ('20', 'Dir. Mixtas y Negocios');
INSERT INTO `department` VALUES ('19', 'Economia');
INSERT INTO `department` VALUES ('25', 'Finanzas');
INSERT INTO `department` VALUES ('5', 'Hotel E');
INSERT INTO `department` VALUES ('14', 'Informática');
INSERT INTO `department` VALUES ('9', 'Inversiones');
INSERT INTO `department` VALUES ('7', 'Juríidico');
INSERT INTO `department` VALUES ('4', 'Operaciones');
INSERT INTO `department` VALUES ('31', 'Personal');
INSERT INTO `department` VALUES ('16', 'Piquera');
INSERT INTO `department` VALUES ('1', 'Presidencia');
INSERT INTO `department` VALUES ('33', 'Presupuesto');
INSERT INTO `department` VALUES ('32', 'Promoción');
INSERT INTO `department` VALUES ('26', 'Quejas y Reclamaciones');
INSERT INTO `department` VALUES ('15', 'Reservas');
INSERT INTO `department` VALUES ('6', 'Riesgo');
INSERT INTO `department` VALUES ('11', 'RRHH');
INSERT INTO `department` VALUES ('27', 'Seguridad y Protección');
INSERT INTO `department` VALUES ('8', 'SSTT');
INSERT INTO `department` VALUES ('34', 'Tramites');
INSERT INTO `department` VALUES ('28', 'Transporte');
INSERT INTO `department` VALUES ('23', 'UASI');
INSERT INTO `department` VALUES ('29', 'Ventas');
INSERT INTO `department` VALUES ('18', 'VP Economia');
INSERT INTO `department` VALUES ('17', 'VP Mercadotecnia');
INSERT INTO `department` VALUES ('10', 'VP Operaciones');

-- ----------------------------
-- Table structure for equipment
-- ----------------------------
DROP TABLE IF EXISTS `equipment`;
CREATE TABLE `equipment` (
  `id` int(11) NOT NULL AUTO_INCREMENT,
  `model_id` int(11) DEFAULT NULL,
  `movement_id` int(11) DEFAULT NULL,
  `description` varchar(255) COLLATE utf8_unicode_ci DEFAULT NULL,
  `ns` varchar(255) COLLATE utf8_unicode_ci NOT NULL,
  `ni` varchar(255) COLLATE utf8_unicode_ci NOT NULL,
  `create_at` datetime NOT NULL,
  PRIMARY KEY (`id`),
  UNIQUE KEY `UNIQ_D338D58373AB7450` (`ns`),
  KEY `IDX_D338D5837975B7E7` (`model_id`),
  KEY `IDX_D338D583229E70A7` (`movement_id`),
  CONSTRAINT `FK_D338D583229E70A7` FOREIGN KEY (`movement_id`) REFERENCES `movement` (`id`) ON DELETE CASCADE,
  CONSTRAINT `FK_D338D5837975B7E7` FOREIGN KEY (`model_id`) REFERENCES `model` (`id`) ON DELETE CASCADE
) ENGINE=InnoDB AUTO_INCREMENT=312 DEFAULT CHARSET=utf8 COLLATE=utf8_unicode_ci;

-- ----------------------------
-- Records of equipment
-- ----------------------------
INSERT INTO `equipment` VALUES ('1', '1', '1', 'Escaner de pasaporte COMBO SMART 547248 8215', '8215', '3333', '2017-06-12 10:14:27');
INSERT INTO `equipment` VALUES ('2', '1', '2', 'Escaner de pasaporte COMBO SMART 547248 8326', '8326', '22222', '2017-06-12 10:40:36');
INSERT INTO `equipment` VALUES ('3', '2', '9', 'Laptop GDM W950LU 547309 GDM017CELW950LU08280', 'GDM017CELW950LU08280', '547309', '2017-09-15 16:59:28');
INSERT INTO `equipment` VALUES ('4', '2', '7', 'Laptop GDM W950LU 547310 GDM017CELW950LU08560', 'GDM017CELW950LU08560', '547310', '2017-09-15 17:00:20');
INSERT INTO `equipment` VALUES ('5', '2', '8', 'Laptop GDM W950LU 547311 GDM017CELW950LU08637', 'GDM017CELW950LU08637', '547311', '2017-09-15 17:01:04');
INSERT INTO `equipment` VALUES ('6', '2', '93', 'Laptop GDM W950LU 547312 GDM017CELW950LU08620', 'GDM017CELW950LU08620', '547312', '2017-09-15 17:01:57');
INSERT INTO `equipment` VALUES ('7', '2', '78', 'Laptop GDM W950LU 547313 GDM017CELW950LU08648', 'GDM017CELW950LU08648', '547313', '2017-09-15 17:02:28');
INSERT INTO `equipment` VALUES ('8', '2', '94', 'Laptop GDM W950LU 547314 GDM017CELW950LU08626', 'GDM017CELW950LU08626', '547314', '2017-09-15 17:03:35');
INSERT INTO `equipment` VALUES ('9', '2', '6', 'Laptop GDM W950LU 547315 GDM017CELW950LU08632', 'GDM017CELW950LU08632', '547315', '2017-09-15 17:04:15');
INSERT INTO `equipment` VALUES ('10', '2', '12', 'Laptop GDM W950LU 547316 GDM017CELW950LU08643', 'GDM017CELW950LU08643', '547316', '2017-09-15 17:05:24');
INSERT INTO `equipment` VALUES ('11', '2', '22', 'Laptop GDM W950LU 547317 GDM017CELW950LU08621', 'GDM017CELW950LU08621', '547317', '2017-09-15 17:09:11');
INSERT INTO `equipment` VALUES ('12', '2', '32', 'Laptop GDM W950LU 547318 GDM017CELW950LU08589', 'GDM017CELW950LU08589', '547318', '2017-09-15 17:09:41');
INSERT INTO `equipment` VALUES ('14', '2', '75', 'Laptop GDM W950LU 547320 GDM017CELW950LU08631', 'GDM017CELW950LU08631', '547320', '2017-09-15 17:10:42');
INSERT INTO `equipment` VALUES ('15', '2', '36', 'Laptop GDM W950LU 547321 GDM017CELW950LU08607', 'GDM017CELW950LU08607', '547321', '2017-09-15 17:11:10');
INSERT INTO `equipment` VALUES ('16', '2', '24', 'Laptop GDM W950LU 547322 GDM017CELW950LU08614', 'GDM017CELW950LU08614', '547322', '2017-09-15 17:11:42');
INSERT INTO `equipment` VALUES ('17', '2', '11', 'Laptop GDM W950LU 547323 GDM017CELW950LU08575', 'GDM017CELW950LU08575', '547323', '2017-09-15 17:12:12');
INSERT INTO `equipment` VALUES ('18', '2', '15', 'Laptop GDM W950LU 547324 GDM017CELW950LU08573', 'GDM017CELW950LU08573', '547324', '2017-09-15 17:12:40');
INSERT INTO `equipment` VALUES ('19', '2', '38', 'Laptop GDM W950LU 547325 GDM017CELW950LU08613', 'GDM017CELW950LU08613', '547325', '2017-09-15 17:13:58');
INSERT INTO `equipment` VALUES ('21', '2', null, 'Laptop GDM W950LU 547327 GDM017CELW950LU08581', 'GDM017CELW950LU08581', '547327', '2017-09-15 17:14:48');
INSERT INTO `equipment` VALUES ('22', '2', null, 'Laptop GDM W950LU 547328 GDM017CELW950LU08594', 'GDM017CELW950LU08594', '547328', '2017-09-15 17:15:07');
INSERT INTO `equipment` VALUES ('23', '2', null, 'Laptop GDM W950LU 547329 GDM017CELW950LU08327', 'GDM017CELW950LU08327', '547329', '2017-09-15 17:16:20');
INSERT INTO `equipment` VALUES ('24', '2', null, 'Laptop GDM W950LU 547330 GDM017CELW950LU08588', 'GDM017CELW950LU08588', '547330', '2017-09-15 17:16:45');
INSERT INTO `equipment` VALUES ('25', '2', null, 'Laptop GDM W950LU 547331 GDM017CELW950LU08638', 'GDM017CELW950LU08638', '547331', '2017-09-15 17:17:10');
INSERT INTO `equipment` VALUES ('26', '2', null, 'Laptop GDM W950LU 547332 GDM017CELW950LU08536', 'GDM017CELW950LU08536', '547332', '2017-09-15 17:17:32');
INSERT INTO `equipment` VALUES ('27', '2', null, 'Laptop GDM W950LU 547333 GDM017CELW950LU08617', 'GDM017CELW950LU08617', '547333', '2017-09-15 17:18:29');
INSERT INTO `equipment` VALUES ('28', '2', null, 'Laptop GDM W950LU 547324 GDM017CELW950LU08612', 'GDM017CELW950LU08612', '547334', '2017-09-15 10:14:27');
INSERT INTO `equipment` VALUES ('29', '1', '4', 'Escaner de pasaporte COMBO SMART 547248 8239', '8239', '547250', '2017-06-12 07:46:27');
INSERT INTO `equipment` VALUES ('30', '1', '3', 'Escaner de pasaporte COMBO SMART 547248 1175', '1175', '111111', '2017-06-12 07:51:16');
INSERT INTO `equipment` VALUES ('31', '3', '21', 'Impresora HP Laserjet MFP M227dw 547255 VNB3C30759', 'VNB3C30759', '547255', '2017-08-15 17:01:26');
INSERT INTO `equipment` VALUES ('32', '3', '31', 'Impresora HP Laserjet MFP M227dw 547256 VNB3C31692', 'VNB3C31692', '547256', '2017-08-15 17:02:31');
INSERT INTO `equipment` VALUES ('33', '3', '31', 'Impresora HP Laserjet MFP M227dw 547257 VNB3C31697', 'VNB3C31697', '547257', '2017-08-15 17:04:36');
INSERT INTO `equipment` VALUES ('34', '3', '19', 'Impresora HP Laserjet MFP M227dw 547258 VNB3C31698', 'VNB3C31698', '547258', '2017-08-15 17:05:08');
INSERT INTO `equipment` VALUES ('35', '3', '23', 'Impresora HP Laserjet MFP M227dw 547259 VNB3C31700', 'VNB3C31700', '547259', '2017-08-15 17:05:55');
INSERT INTO `equipment` VALUES ('36', '3', '36', 'Impresora HP Laserjet MFP M227dw 547260 VNB3C31702', 'VNB3C31702', '547260', '2017-08-15 17:06:52');
INSERT INTO `equipment` VALUES ('37', '3', '36', 'Impresora HP Laserjet MFP M227dw 547261 VNB3C37104', 'VNB3C31704', '547261', '2017-08-15 17:08:12');
INSERT INTO `equipment` VALUES ('38', '3', '16', 'Impresora HP Laserjet MFP M227dw 547262 VNB3C31706', 'VNB3C31706', '547262', '2017-08-15 17:09:23');
INSERT INTO `equipment` VALUES ('39', '3', '16', 'Impresora HP Laserjet MFP M227dw 547263 VNB3C31708', 'VNB3C31708', '547263', '2017-08-15 17:10:44');
INSERT INTO `equipment` VALUES ('40', '3', '18', 'Impresora HP Laserjet MFP M227dw 547264 VNB3C31710', 'VNB3C31710', '547264', '2017-08-15 17:11:30');
INSERT INTO `equipment` VALUES ('41', '3', '18', 'Impresora HP Laserjet MFP M227dw 547265 VNB3C31711', 'VNB3C31711', '547265', '2017-08-15 17:13:24');
INSERT INTO `equipment` VALUES ('42', '3', '15', 'Impresora HP Laserjet MFP M227dw 547266 VNB3C31712', 'VNB3C31712', '547266', '2017-08-15 17:14:58');
INSERT INTO `equipment` VALUES ('43', '3', '15', 'Impresora HP Laserjet MFP M227dw 547267 VNB3C32133', 'VNB3C32133', '547267', '2017-08-15 17:16:08');
INSERT INTO `equipment` VALUES ('44', '3', '11', 'Impresora HP Laserjet MFP M227dw 547268 VNB3C32211', 'VNB3C32211', '547268', '2017-08-15 17:16:27');
INSERT INTO `equipment` VALUES ('45', '3', '11', 'Impresora HP Laserjet MFP M227dw 547269 VNB3C32213', 'VNB3C32213', '547269', '2017-08-15 17:23:59');
INSERT INTO `equipment` VALUES ('46', '3', '17', 'Impresora HP Laserjet MFP M227dw 547270 VNB3C32214', 'VNB3C32214', '547270', '2017-08-15 17:26:12');
INSERT INTO `equipment` VALUES ('47', '3', '17', 'Impresora HP Laserjet MFP M227dw 547271 VNB3C32216', 'VNB3C32216', '547271', '2017-08-15 17:26:42');
INSERT INTO `equipment` VALUES ('48', '3', '13', 'Impresora HP Laserjet MFP M227dw 547272 VNB3C32218', 'VNB3C32218', '547272', '2017-08-15 17:28:34');
INSERT INTO `equipment` VALUES ('49', '3', '12', 'Impresora HP Laserjet MFP M227dw 547273 VNB3C32219', 'VNB3C32219', '547273', '2017-10-04 09:03:30');
INSERT INTO `equipment` VALUES ('50', '3', '38', 'Impresora HP Laserjet MFP M227dw 547274 VNB3C32220', 'VNB3C32220', '547274', '2017-10-04 09:04:28');
INSERT INTO `equipment` VALUES ('51', '3', '75', 'Impresora HP Laserjet MFP M227dw 547275 VNB3C2222', 'VNB3C32222', '547275', '2017-10-04 09:05:08');
INSERT INTO `equipment` VALUES ('52', '3', '32', 'Impresora HP Laserjet MFP M227dw 547276 VNB3C32224', 'VNB3C32224', '547276', '2017-10-04 09:06:29');
INSERT INTO `equipment` VALUES ('53', '3', '26', 'Impresora HP Laserjet MFP M227dw 547277 VNB3C32225', 'VNB3C32225', '547277', '2017-10-04 09:08:29');
INSERT INTO `equipment` VALUES ('54', '3', '26', 'Impresora HP Laserjet MFP M227dw 547280 VNB3C02279', 'VNB3C02279', '547280', '2017-10-04 09:10:14');
INSERT INTO `equipment` VALUES ('55', '3', '37', 'Impresora HP Laserjet MFP M227dw 547283 VNB3C32226', 'VNB3C32226', '547283', '2017-10-04 09:11:43');
INSERT INTO `equipment` VALUES ('56', '3', '37', 'Impresora HP Laserjet MFP M227dw 547284 VNB3C32229', 'VNB3C32229', '547284', '2017-10-04 09:12:51');
INSERT INTO `equipment` VALUES ('57', '3', '10', 'Impresora HP Laserjet MFP M227dw 547285 VNB3C32231', 'VNB3C32231', '547285', '2017-10-04 09:14:54');
INSERT INTO `equipment` VALUES ('58', '3', '10', 'Impresora HP Laserjet MFP M227dw 547286 VNB3C32232', 'VNB3C32232', '547286', '2017-10-04 09:15:31');
INSERT INTO `equipment` VALUES ('59', '3', '33', 'Impresora HP Laserjet MFP M227dw 547287 VNB3C32234', 'VNB3C32234', '547287', '2017-10-04 09:16:31');
INSERT INTO `equipment` VALUES ('60', '3', '33', 'Impresora HP Laserjet MFP M227dw 547288 VNB3C32240', 'VNB3C32240', '547288', '2017-10-04 09:17:10');
INSERT INTO `equipment` VALUES ('61', '3', '20', 'Impresora HP Laserjet MFP M227dw 547289 VNB3C32241', 'VNB3C32241', '547289', '2017-10-04 09:18:27');
INSERT INTO `equipment` VALUES ('62', '3', '20', 'Impresora HP Laserjet MFP M227dw 547290 VNB3C32339', 'VNB3C32339', '547290', '2017-10-04 09:19:07');
INSERT INTO `equipment` VALUES ('63', '3', '25', 'Impresora HP Laserjet MFP M227dw 547291 VNB3C32410', 'VNB3C32410', '547291', '2017-10-04 09:19:45');
INSERT INTO `equipment` VALUES ('64', '3', '25', 'Impresora HP Laserjet MFP M227dw 547292 VNB3C02311', 'VNB3C02311', '547292', '2017-10-04 09:20:21');
INSERT INTO `equipment` VALUES ('65', '3', '25', 'Impresora HP Laserjet MFP M227dw 547293 VNB3C02338', 'VNB3C02338', '547293', '2017-10-04 09:28:49');
INSERT INTO `equipment` VALUES ('66', '3', '25', 'Impresora HP Laserjet MFP M227dw 547294 VNB3C02341', 'VNB3C02341', '547294', '2017-10-04 09:30:19');
INSERT INTO `equipment` VALUES ('67', '3', '25', 'Impresora HP Laserjet MFP M227dw 547295 VNB3C02500', 'VNB3C02500', '547295', '2017-10-04 09:31:28');
INSERT INTO `equipment` VALUES ('68', '3', '25', 'Impresora HP Laserjet MFP M227dw 547296 VNB3C02512', 'VNB3C02512', '547296', '2017-10-04 09:32:27');
INSERT INTO `equipment` VALUES ('69', '3', '34', 'Impresora HP Laserjet MFP M227dw 547297 VNB3C02518', 'VNB3C02518', '547297', '2017-10-04 09:33:54');
INSERT INTO `equipment` VALUES ('70', '3', '35', 'Impresora HP Laserjet MFP M227dw 547298 VNB3C02521', 'VNB3C02521', '547298', '2017-10-04 09:35:05');
INSERT INTO `equipment` VALUES ('71', '3', '39', 'Impresora HP Laserjet MFP M227dw 547299 VNB3C02526', 'VNB3C02526', '547299', '2017-10-04 09:35:48');
INSERT INTO `equipment` VALUES ('72', '3', '40', 'Impresora HP Laserjet MFP M227dw 547300 VNB3C02527', 'VNB3C02527', '547300', '2017-10-04 09:36:23');
INSERT INTO `equipment` VALUES ('73', '3', '110', 'Impresora HP Laserjet MFP M227dw 547301 VNB3C02529', 'VNB3C02529', '547301', '2017-10-04 09:37:36');
INSERT INTO `equipment` VALUES ('74', '3', '107', 'Impresora HP Laserjet MFP M227dw 547302 VNB3C02530', 'VNB3C02530', '547302', '2017-10-04 09:38:17');
INSERT INTO `equipment` VALUES ('75', '3', '108', 'Impresora HP Laserjet MFP M227dw 547303 VNB3C02531', 'VNB3C02531', '547303', '2017-10-04 09:44:04');
INSERT INTO `equipment` VALUES ('76', '3', '87', 'Impresora HP Laserjet MFP M227dw 547304 VNB3C02532', 'VNB3C02532', '547304', '2017-10-04 09:45:21');
INSERT INTO `equipment` VALUES ('77', '3', '95', 'Impresora HP Laserjet MFP M227dw 547305 VNB3C02533', 'VNB3C02533', '547305', '2017-10-04 09:46:05');
INSERT INTO `equipment` VALUES ('78', '3', '88', 'Impresora HP Laserjet MFP M227dw 547306 VNB3C02535', 'VNB3C02535', '547306', '2017-10-04 09:46:46');
INSERT INTO `equipment` VALUES ('80', '3', '89', 'Impresora HP Laserjet MFP M227dw 547307 VNB3C02536', 'VNB3C02536', '547307', '2017-10-04 09:48:01');
INSERT INTO `equipment` VALUES ('81', '3', '90', 'Impresora HP Laserjet MFP M227dw 547308 VNB3C02537', 'VNB3C02217', '547308', '2017-10-04 09:49:29');
INSERT INTO `equipment` VALUES ('82', '4', '5', 'Laptop Fujitsu Lifebook N7010 545939 R9104956', 'R9104956', '545939', '2017-10-25 12:19:37');
INSERT INTO `equipment` VALUES ('83', '4', '5', 'Laptop Fujitsu Lifebook N7010 545819 28989441757', '28989441757', '545819', '2017-10-25 12:20:15');
INSERT INTO `equipment` VALUES ('85', '2', '30', 'Laptop GDM W950LU 547319 GDM017CELW950LU08633', 'GDM017CELW950LU08633', '547319', '2017-11-20 08:24:25');
INSERT INTO `equipment` VALUES ('86', '2', '29', 'Laptop GDM W950LU 547326 GDM017CELW950LU08323', 'GDM017CELW950LU08323', '547326', '2017-11-20 08:25:00');
INSERT INTO `equipment` VALUES ('87', '5', '49', 'Monitor ATEC-Haier HL 2105WH 547335 J200F6E0G00Y6H2G5331', 'J200F6E0G00Y6H2G5331', '547335', '2017-11-21 08:06:43');
INSERT INTO `equipment` VALUES ('88', '5', '54', 'Monitor ATEC-Haier HL 2105WH 547336 J200F6E0G00Y6H2G6148', 'J200F6E0G00Y6H2G6148', '547336', '2017-11-21 08:08:12');
INSERT INTO `equipment` VALUES ('89', '5', '58', 'Monitor ATEC-Haier HL 2105WH 547337 J200F6E0G00Y6H2G3013', 'J200F6E0G00Y6H2G3013', '547337', '2017-11-21 08:10:00');
INSERT INTO `equipment` VALUES ('90', '5', '50', 'Monitor ATEC-Haier HL 2105WH 547338 J200F6E0G00Y6H2G0352', 'J200F6E0G00Y6H2G0352', '547338', '2017-11-21 08:10:48');
INSERT INTO `equipment` VALUES ('91', '5', '52', 'Monitor ATEC-Haier HL 2105WH 547339 J200F6E0G00Y6H2G0324', 'J200F6E0G00Y6H2G0324', '547339', '2017-11-21 08:11:33');
INSERT INTO `equipment` VALUES ('92', '5', null, 'Monitor ATEC-Haier HL 2105WH 547340 J200F6E0G00Y6H2G5335', 'J200F6E0G00Y6H2G5335', '547340', '2017-11-21 08:12:22');
INSERT INTO `equipment` VALUES ('93', '5', '64', 'Monitor ATEC-Haier HL 2105WH 547341 J200F6E0G00Y6H2G0339', 'J200F6E0G00Y6H2G0339', '547341', '2017-11-21 08:13:16');
INSERT INTO `equipment` VALUES ('94', '5', '65', 'Monitor ATEC-Haier HL 2105WH 547342 J200F6E0G00Y6H2G0322', 'J200F6E0G00Y6H2G0322', '547342', '2017-11-21 08:13:51');
INSERT INTO `equipment` VALUES ('95', '5', '61', 'Monitor ATEC-Haier HL 2105WH 547343 J200F6E0G00Y6H2G0359', 'J200F6E0G00Y6H2G0359', '547343', '2017-11-21 08:14:48');
INSERT INTO `equipment` VALUES ('96', '5', null, 'Monitor ATEC-Haier HL 2105WH 547344 J200F6E0G00Y6H2G0358', 'J200F6E0G00Y6H2G0358', '547344', '2017-11-21 08:15:34');
INSERT INTO `equipment` VALUES ('97', '5', '72', 'Monitor ATEC-Haier HL 2105WH 547345 J200F6E0G00Y6H2G5332', 'J200F6E0G00Y6H2G5332', '547345', '2017-11-21 08:16:29');
INSERT INTO `equipment` VALUES ('98', '5', '91', 'Monitor ATEC-Haier HL 2105WH 547346 J200F6E0G00Y6H2G5393', 'J200F6E0G00Y6H2G5393', '547346', '2017-11-21 08:18:35');
INSERT INTO `equipment` VALUES ('99', '5', '71', 'Monitor ATEC-Haier HL 2105WH 547347 J200F6E0G00Y6H2G0353', 'J200F6E0G00Y6H2G0353', '547347', '2017-11-21 08:35:11');
INSERT INTO `equipment` VALUES ('100', '5', '59', 'Monitor ATEC-Haier HL 2105WH 547348 J200F6E0G00Y6H2G0328', 'J200F6E0G00Y6H2G0328', '547348', '2017-11-21 08:35:45');
INSERT INTO `equipment` VALUES ('101', '5', '60', 'Monitor ATEC-Haier HL 2105WH 547349 J200F6E0G00Y6H2G6123', 'J200F6E0G00Y6H2G6123', '547349', '2017-11-21 08:36:14');
INSERT INTO `equipment` VALUES ('102', '5', '63', 'Monitor ATEC-Haier HL 2105WH 547350 J200F6E0G00Y6H2G5334', 'J200F6E0G00Y6H2G5334', '547350', '2017-11-21 08:37:14');
INSERT INTO `equipment` VALUES ('103', '5', '70', 'Monitor ATEC-Haier HL 2105WH 547351 J200F6E0G00Y6H2G5352', 'J200F6E0G00Y6H2G5352', '547351', '2017-11-21 08:37:42');
INSERT INTO `equipment` VALUES ('104', '5', '67', 'Monitor ATEC-Haier HL 2105WH 547352 J200F6E0G00Y6H2G0912', 'J200F6E0G00Y6H2G0912', '547352', '2017-11-21 08:39:55');
INSERT INTO `equipment` VALUES ('105', '5', '66', 'Monitor ATEC-Haier HL 2105WH 547353 J200F6E0G00Y6H2G2962', 'J200F6E0G00Y6H2G2962', '547353', '2017-11-21 08:40:25');
INSERT INTO `equipment` VALUES ('106', '5', '68', 'Monitor ATEC-Haier HL 2105WH 547354 J200F6E0G00Y6H2G6149', 'J200F6E0G00Y6H2G6149', '547354', '2017-11-21 08:41:36');
INSERT INTO `equipment` VALUES ('107', '5', '92', 'Monitor ATEC-Haier HL 2105WH 547355 J200F6E0G00Y6H2G6151', 'J200F6E0G00Y6H2G6151', '547355', '2017-11-21 08:59:09');
INSERT INTO `equipment` VALUES ('108', '5', '69', 'Monitor ATEC-Haier HL 2105WH 547356 J200F6E0G00Y6H2G0334', 'J200F6E0G00Y6H2G0334', '547356', '2017-11-21 09:00:09');
INSERT INTO `equipment` VALUES ('109', '5', '62', 'Monitor ATEC-Haier HL 2105WH 547357 J200F6E0G00Y6H2G5339', 'J200F6E0G00Y6H2G5339', '547357', '2017-11-21 09:13:28');
INSERT INTO `equipment` VALUES ('110', '5', '74', 'Monitor ATEC-Haier HL 2105WH 547358 J200F6E0G00Y6H2G5338', 'J200F6E0G00Y6H2G5338', '547358', '2017-11-21 09:14:20');
INSERT INTO `equipment` VALUES ('111', '5', null, 'Monitor ATEC-Haier HL 2105WH 547359 J200F6E0G00Y6H2G0326', 'J200F6E0G00Y6H2G0326', '547359', '2017-11-21 09:16:13');
INSERT INTO `equipment` VALUES ('112', '5', null, 'Monitor ATEC-Haier HL 2105WH 547360 J200F6E0G00Y6H2G0331', 'J200F6E0G00Y6H2G0331', '547360', '2017-11-21 09:30:17');
INSERT INTO `equipment` VALUES ('113', '5', null, 'Monitor ATEC-Haier HL 2105WH 547361 J200F6E0G00Y6H2G5340', 'J200F6E0G00Y6H2G5340', '547361', '2017-11-21 09:31:10');
INSERT INTO `equipment` VALUES ('114', '5', '48', 'Monitor ATEC-Haier HL 2105WH 547362 J200F6E0G00Y6H2G5349', 'J200F6E0G00Y6H2G5349', '547362', '2017-11-21 09:39:31');
INSERT INTO `equipment` VALUES ('115', '5', '58', 'Monitor ATEC-Haier HL 2105WH 547363 J200F6E0G00Y6H2G5358', 'J200F6E0G00Y6H2G5358', '547363', '2017-11-21 09:40:02');
INSERT INTO `equipment` VALUES ('116', '5', '53', 'Monitor ATEC-Haier HL 2105WH 547364 J200F6E0G00Y6H2G0356', 'J200F6E0G00Y6H2G0356', '547364', '2017-11-21 09:41:35');
INSERT INTO `equipment` VALUES ('118', '5', '51', 'Monitor ATEC-Haier HL 2105WH 547365 J200F6E0G00Y6H2G0351', 'J200F6E0G00Y6H2G0351', '547365', '2017-11-21 09:43:51');
INSERT INTO `equipment` VALUES ('119', '5', null, 'Monitor ATEC-Haier HL 2105WH 547366 J200F6E0G00Y6H2G5396', 'J200F6E0G00Y6H2G5396', '547366', '2017-11-21 09:44:30');
INSERT INTO `equipment` VALUES ('120', '5', '47', 'Monitor ATEC-Haier HL 2105WH 547367 J200F6E0G00Y6H2G0329', 'J200F6E0G00Y6H2G0329', '547367', '2017-11-21 09:45:04');
INSERT INTO `equipment` VALUES ('121', '5', '80', 'Monitor ATEC-Haier HL 2105WH 547368 J200F6E0G00Y6H2G0337', 'J200F6E0G00Y6H2G0337', '547368', '2017-11-21 09:45:39');
INSERT INTO `equipment` VALUES ('122', '5', '83', 'Monitor ATEC-Haier HL 2105WH 547369 J200F6E0G00Y6H2G6139', 'J200F6E0G00Y6H2G6139', '547369', '2017-11-21 09:46:11');
INSERT INTO `equipment` VALUES ('123', '5', '85', 'Monitor ATEC-Haier HL 2105WH 547370 J200F6E0G00Y6H2G6143', 'J200F6E0G00Y6H2G6143', '547370', '2017-11-21 09:48:43');
INSERT INTO `equipment` VALUES ('124', '5', '86', 'Monitor ATEC-Haier HL 2105WH 547371 J200F6E0G00Y6H2G2997', 'J200F6E0G00Y6H2G2997', '547371', '2017-11-21 09:49:35');
INSERT INTO `equipment` VALUES ('125', '5', '84', 'Monitor ATEC-Haier HL 2105WH 547372 J200F6E0G00Y6H2G0871', 'J200F6E0G00Y6H2G0871', '547372', '2017-11-21 10:56:28');
INSERT INTO `equipment` VALUES ('126', '5', '101', 'Monitor ATEC-Haier HL 2105WH 547373 J200F6E0G00Y6H2G6131', 'J200F6E0G00Y6H2G6131', '547373', '2017-11-21 10:56:57');
INSERT INTO `equipment` VALUES ('127', '5', '100', 'Monitor ATEC-Haier HL 2105WH 547374 J200F6E0G00Y6H2G6135', 'J200F6E0G00Y6H2G6135', '547374', '2017-11-21 10:59:39');
INSERT INTO `equipment` VALUES ('128', '5', '102', 'Monitor ATEC-Haier HL 2105WH 547375 J200F6E0G00Y6H2G6163', 'J200F6E0G00Y6H2G6163', '547375', '2017-11-21 11:07:37');
INSERT INTO `equipment` VALUES ('129', '5', '99', 'Monitor ATEC-Haier HL 2105WH 547376 J200F6E0G00Y6H2G6141', 'J200F6E0G00Y6H2G6141', '547376', '2017-11-21 11:08:13');
INSERT INTO `equipment` VALUES ('130', '5', '109', 'Monitor ATEC-Haier HL 2105WH 547377 J200F6E0G00Y6H2G5344', 'J200F6E0G00Y6H2G5344', '547377', '2017-11-21 11:08:44');
INSERT INTO `equipment` VALUES ('131', '5', '104', 'Monitor ATEC-Haier HL 2105WH 547378 J200F6E0G00Y6H2G5392', 'J200F6E0G00Y6H2G5392', '547378', '2017-11-21 11:09:43');
INSERT INTO `equipment` VALUES ('132', '5', null, 'Monitor ATEC-Haier HL 2105WH 547379 J200F6E0G00Y6H2G5353', 'J200F6E0G00Y6H2G5353', '547379', '2017-11-21 11:10:41');
INSERT INTO `equipment` VALUES ('133', '5', '103', 'Monitor ATEC-Haier HL 2105WH 547380 J200F6E0G00Y6H2G5345', 'J200F6E0G00Y6H2G5345', '547380', '2017-11-21 11:11:25');
INSERT INTO `equipment` VALUES ('134', '5', '105', 'Monitor ATEC-Haier HL 2105WH 547381 J200F6E0G00Y6H2G5341', 'J200F6E0G00Y6H2G5341', '547381', '2017-11-21 11:12:10');
INSERT INTO `equipment` VALUES ('135', '5', '97', 'Monitor ATEC-Haier HL 2105WH 547382 J200F6E0G00Y6H2G0305', 'J200F6E0G00Y6H2G0305', '547382', '2017-11-21 11:12:42');
INSERT INTO `equipment` VALUES ('136', '5', '98', 'Monitor ATEC-Haier HL 2105WH 547383 J200F6E0G00Y6H2G0335', 'J200F6E0G00Y6H2G0335', '547383', '2017-11-21 11:13:26');
INSERT INTO `equipment` VALUES ('137', '5', '96', 'Monitor ATEC-Haier HL 2105WH 547384 J200F6E0G00Y6H2G0302', 'J200F6E0G00Y6H2G0302', '547384', '2017-11-21 11:14:09');
INSERT INTO `equipment` VALUES ('138', '5', '106', 'Monitor ATEC-Haier HL 2105WH 547385 J200F6E0G00Y6H2G0341', 'J200F6E0G00Y6H2G0341', '547385', '2017-11-21 11:17:03');
INSERT INTO `equipment` VALUES ('139', '5', '81', 'Monitor ATEC-Haier HL 2105WH 547386 J200F6E0G00Y6H2G2951', 'J200F6E0G00Y6H2G2951', '547386', '2017-11-21 11:19:09');
INSERT INTO `equipment` VALUES ('140', '5', '82', 'Monitor ATEC-Haier HL 2105WH 547387 J200F6E0G00Y6H2G0970', 'J200F6E0G00Y6H2G0970', '547387', '2017-11-21 11:19:56');
INSERT INTO `equipment` VALUES ('141', '5', '79', 'Monitor ATEC-Haier HL 2105WH 547388 J200F6E0G00Y6H2G2998', 'J200F6E0G00Y6H2G2998', '547388', '2017-11-21 11:20:29');
INSERT INTO `equipment` VALUES ('142', '5', '79', 'Monitor ATEC-Haier HL 2105WH 547389 J200F6E0G00Y6H2G0319', 'J200F6E0G00Y6H2G0319', '547389', '2017-11-21 11:20:57');
INSERT INTO `equipment` VALUES ('143', '5', '79', 'Monitor ATEC-Haier HL 2105WH 547390 J200F6E0G00Y6H2G0349', 'J200F6E0G00Y6H2G0349', '547390', '2017-11-21 11:21:27');
INSERT INTO `equipment` VALUES ('145', '5', '79', 'Monitor ATEC-Haier HL 2105WH 547391 J200F6E0G00Y6H2G5330', 'J200F6E0G00Y6H2G5351', '547391', '2017-11-21 11:22:54');
INSERT INTO `equipment` VALUES ('147', '5', '79', 'Monitor ATEC-Haier HL 2105WH 547392 J200F6E0G00Y6H2G5330', 'J200F6E0G00Y6H2G5330', '547392', '2017-11-21 11:30:11');
INSERT INTO `equipment` VALUES ('148', '5', '79', 'Monitor ATEC-Haier HL 2105WH 547393 J200F6E0G00Y6H2G5347', 'J200F6E0G00Y6H2G5347', '547393', '2017-11-21 11:30:44');
INSERT INTO `equipment` VALUES ('149', '5', '79', 'Monitor ATEC-Haier HL 2105WH 547394 J200F6E0G00Y6H2G6128', 'J200F6E0G00Y6H2G6128', '547394', '2017-11-21 11:31:15');
INSERT INTO `equipment` VALUES ('150', '5', '79', 'Monitor ATEC-Haier HL 2105WH 547395 J200F6E0G00Y6H2G3003', 'J200F6E0G00Y6H2G3003', '547395', '2017-11-21 11:31:41');
INSERT INTO `equipment` VALUES ('151', '5', '79', 'Monitor ATEC-Haier HL 2105WH 547396 J200F6E0G00Y6H2G0340', 'J200F6E0G00Y6H2G0340', '547396', '2017-11-21 11:32:19');
INSERT INTO `equipment` VALUES ('152', '5', '79', 'Monitor ATEC-Haier HL 2105WH 547397 J200F6E0G00Y6H2G0347', 'J200F6E0G00Y6H2G0347', '547397', '2017-11-21 11:33:00');
INSERT INTO `equipment` VALUES ('153', '5', null, 'Monitor ATEC-Haier HL 2105WH 547398 J200F6E0G00Y6H2G5336', 'J200F6E0G00Y6H2G5336', '547398', '2017-11-21 11:33:30');
INSERT INTO `equipment` VALUES ('154', '5', null, 'Monitor ATEC-Haier HL 2105WH 547399 J200F6E0G00Y6H2G0229', 'J200F6E0G00Y6H2G0229', '547399', '2017-11-21 11:34:10');
INSERT INTO `equipment` VALUES ('155', '5', null, 'Monitor ATEC-Haier HL 2105WH 547400 J200F6E0G00Y6H2G0357', 'J200F6E0G00Y6H2G0357', '547400', '2017-11-21 11:34:58');
INSERT INTO `equipment` VALUES ('156', '5', null, 'Monitor ATEC-Haier HL 2105WH 547401 J200F6E0G00Y6H2G0348', 'J200F6E0G00Y6H2G0348', '547401', '2017-11-21 11:35:33');
INSERT INTO `equipment` VALUES ('157', '5', null, 'Monitor ATEC-Haier HL 2105WH 547402 J200F6E0G00Y6H2G0342', 'J200F6E0G00Y6H2G0342', '547402', '2017-11-21 11:36:09');
INSERT INTO `equipment` VALUES ('158', '5', null, 'Monitor ATEC-Haier HL 2105WH 547403 J200F6E0G00Y6H2G0360', 'J200F6E0G00Y6H2G0360', '547403', '2017-11-21 11:36:41');
INSERT INTO `equipment` VALUES ('159', '5', '55', 'Monitor ATEC-Haier HL 2105WH 547404 J200F6E0G00Y6H2G0332', 'J200F6E0G00Y6H2G0332', '547404', '2017-11-21 11:37:34');
INSERT INTO `equipment` VALUES ('160', '6', '57', 'Monitor ATEC-Haier HL-1805WH 547405 J200F6E0H00Y6H161280', 'J200F6E0H00Y6H161280', '547405', '2017-11-23 10:14:16');
INSERT INTO `equipment` VALUES ('161', '6', '57', 'Monitor ATEC-Haier HL-1805WH 547406 J200F6E0H00Y6H163058', 'J200F6E0H00Y6H163058', '547406', '2017-11-23 10:16:01');
INSERT INTO `equipment` VALUES ('162', '6', '57', 'Monitor ATEC-Haier HL-1805WH 547407 J200F6E0H00Y6H163159', 'J200F6E0H00Y6H163159', '547407', '2017-11-23 10:17:13');
INSERT INTO `equipment` VALUES ('163', '6', '57', 'Monitor ATEC-Haier HL-1805WH 547408 J200F6E0H00Y6H161806', 'J200F6E0H00Y6H161806', '547408', '2017-11-23 10:17:43');
INSERT INTO `equipment` VALUES ('164', '6', '57', 'Monitor ATEC-Haier HL-1805WH 547409 J200F6E0H00Y6H162636', 'J200F6E0H00Y6H162636', '547409', '2017-11-23 10:18:19');
INSERT INTO `equipment` VALUES ('165', '6', '57', 'Monitor ATEC-Haier HL-1805WH 547410 J200F6E0H00Y6H163050', 'J200F6E0H00Y6H163050', '547410', '2017-11-23 10:18:42');
INSERT INTO `equipment` VALUES ('166', '6', '57', 'Monitor ATEC-Haier HL-1805WH 547411 J200F6E0H00Y6H161792', 'J200F6E0H00Y6H161792', '547411', '2017-11-23 10:19:03');
INSERT INTO `equipment` VALUES ('167', '6', '57', 'Monitor ATEC-Haier HL-1805WH 547412 J200F6E0H00Y6H162625', 'J200F6E0H00Y6H162625', '547412', '2017-11-23 10:19:29');
INSERT INTO `equipment` VALUES ('168', '6', '57', 'Monitor ATEC-Haier HL-1805WH 547413 J200F6E0H00Y6H162612', 'J200F6E0H00Y6H162612', '547413', '2017-11-23 10:20:20');
INSERT INTO `equipment` VALUES ('169', '6', '57', 'Monitor ATEC-Haier HL-1805WH 547414 J200F6E0H00Y6H161734', 'J200F6E0H00Y6H161734', '547414', '2017-11-23 10:21:01');
INSERT INTO `equipment` VALUES ('170', '6', '57', 'Monitor ATEC-Haier HL-1805WH 547415 J200F6E0H00Y6H161813', 'J200F6E0H00Y6H162594', '547415', '2017-11-23 14:32:10');
INSERT INTO `equipment` VALUES ('171', '6', '57', 'Monitor ATEC-Haier HL-1805WH 547416 J200F6E0H00Y6H161813', 'J200F6E0H00Y6H161813', '547416', '2017-11-23 14:51:40');
INSERT INTO `equipment` VALUES ('172', '6', '45', 'Monitor ATEC-Haier HL-1805WH 547421 J200F6E0H00Y6H166263', 'J200F6E0H00Y6H162663', '547421', '2017-11-23 14:54:45');
INSERT INTO `equipment` VALUES ('173', '6', '57', 'Monitor ATEC-Haier HL-1805WH 547417 J200F6E0H00Y6H161828', 'J200F6E0H00Y6H161828', '547417', '2017-11-23 15:18:51');
INSERT INTO `equipment` VALUES ('174', '6', '45', 'Monitor ATEC-Haier HL-1805WH 547418 J200F6E0H00Y6H162672', 'J200F6E0H00Y6H162672', '547418', '2017-11-23 15:20:34');
INSERT INTO `equipment` VALUES ('175', '6', '45', 'Monitor ATEC-Haier HL-1805WH 547419 J200F6E0H00Y6H162678', 'J200F6E0H00Y6H162678', '547419', '2017-11-23 15:21:15');
INSERT INTO `equipment` VALUES ('176', '6', '45', 'Monitor ATEC-Haier HL-1805WH 547420 J200F6E0H00Y6H164799', 'J200F6E0H00Y6H164799', '547420', '2017-11-23 15:23:17');
INSERT INTO `equipment` VALUES ('177', '6', '45', 'Monitor ATEC-Haier HL-1805WH 547422 J200F6E0H00Y6H162615', 'J200F6E0H00Y6H162615', '547422', '2017-11-23 16:20:29');
INSERT INTO `equipment` VALUES ('178', '6', '45', 'Monitor ATEC-Haier HL-1805WH 547424 J200F6E0H00Y6H161809', 'J200F6E0H00Y6H161809', '547424', '2017-11-28 08:32:59');
INSERT INTO `equipment` VALUES ('179', '6', '45', 'Monitor ATEC-Haier HL-1805WH 547425 J200F6E0H00Y6H161824', 'J200F6E0H00Y6H161824', '547425', '2017-11-28 08:33:33');
INSERT INTO `equipment` VALUES ('180', '6', '45', 'Monitor ATEC-Haier HL-1805WH 547426 J200F6E0H00Y6H163066', 'J200F6E0H00Y6H163066', '547426', '2017-11-28 08:33:58');
INSERT INTO `equipment` VALUES ('181', '6', '79', 'Monitor ATEC-Haier HL-1805WH 547427 J200F6E0H00Y6H161771', 'J200F6E0H00Y6H161771', '547427', '2017-11-28 08:34:30');
INSERT INTO `equipment` VALUES ('182', '6', '79', 'Monitor ATEC-Haier HL-1805WH 547428 J200F6E0H00Y6H162703', 'J200F6E0H00Y6H162703', '547428', '2017-11-28 08:37:00');
INSERT INTO `equipment` VALUES ('183', '6', '79', 'Monitor ATEC-Haier HL-1805WH 547429 J200F6E0H00Y6H162720', 'J200F6E0H00Y6H162720', '547429', '2017-11-28 08:37:40');
INSERT INTO `equipment` VALUES ('184', '6', '79', 'Monitor ATEC-Haier HL-1805WH 547430 J200F6E0H00Y6H162696', 'J200F6E0H00Y6H162696', '547430', '2017-11-28 08:38:34');
INSERT INTO `equipment` VALUES ('185', '6', '79', 'Monitor ATEC-Haier HL-1805WH 547431 J200F6E0H00Y6H162734', 'J200F6E0H00Y6H162734', '547431', '2017-11-28 08:39:15');
INSERT INTO `equipment` VALUES ('186', '6', '79', 'Monitor ATEC-Haier HL-1805WH 547432 J200F6E0H00Y6H161804', 'J200F6E0H00Y6H161804', '547432', '2017-11-28 08:40:05');
INSERT INTO `equipment` VALUES ('187', '6', '79', 'Monitor ATEC-Haier HL-1805WH 547433 J200F6E0H00Y6H161772', 'J200F6E0H00Y6H161772', '547433', '2017-11-28 08:43:19');
INSERT INTO `equipment` VALUES ('188', '6', '79', 'Monitor ATEC-Haier HL-1805WH 547434 J200F6E0H00Y6H162677', 'J200F6E0H00Y6H162677', '547434', '2017-11-28 08:43:52');
INSERT INTO `equipment` VALUES ('189', '6', '79', 'Monitor ATEC-Haier HL-1805WH 547435 J200F6E0H00Y6H164066', 'J200F6E0H00Y6H164066', '547435', '2017-11-28 08:46:51');
INSERT INTO `equipment` VALUES ('190', '6', '79', 'Monitor ATEC-Haier HL-1805WH 547436 J200F6E0H00Y6H162707', 'J200F6E0H00Y6H162707', '547436', '2017-11-28 08:47:27');
INSERT INTO `equipment` VALUES ('191', '6', '79', 'Monitor ATEC-Haier HL-1805WH 547437 J200F6E0H00Y6H162736', 'J200F6E0H00Y6H162736', '547437', '2017-11-28 08:48:17');
INSERT INTO `equipment` VALUES ('192', '6', '79', 'Monitor ATEC-Haier HL-1805WH 547438 J200F6E0H00Y6H162692', 'J200F6E0H00Y6H162692', '547438', '2017-11-28 08:49:00');
INSERT INTO `equipment` VALUES ('193', '6', '79', 'Monitor ATEC-Haier HL-1805WH 547439 J200F6E0H00Y6H162676', 'J200F6E0H00Y6H162676', '547439', '2017-11-28 08:49:40');
INSERT INTO `equipment` VALUES ('194', '6', '79', 'Monitor ATEC-Haier HL-1805WH 547440 J200F6E0H00Y6H162639', 'J200F6E0H00Y6H162639', '547440', '2017-11-28 08:50:12');
INSERT INTO `equipment` VALUES ('195', '6', '79', 'Monitor ATEC-Haier HL-1805WH 547441 J200F6E0H00Y6H163916', 'J200F6E0H00Y6H163916', '547441', '2017-11-28 08:50:42');
INSERT INTO `equipment` VALUES ('196', '6', '79', 'Monitor ATEC-Haier HL-1805WH 547442 J200F6E0H00Y6H162697', 'J200F6E0H00Y6H162697', '547442', '2017-11-28 08:51:23');
INSERT INTO `equipment` VALUES ('200', '6', '79', 'Monitor ATEC-Haier HL-1805WH 547443 J200F6E0H00Y6H162679', 'J200F6E0H00Y6H162679', '547443', '2017-11-28 08:54:57');
INSERT INTO `equipment` VALUES ('201', '6', '79', 'Monitor ATEC-Haier HL-1805WH 547444 J200F6E0H00Y6H161817', 'J200F6E0H00Y6H161817', '547444', '2017-11-28 09:36:48');
INSERT INTO `equipment` VALUES ('202', '6', '79', 'Monitor ATEC-Haier HL-1805WH 547445 J200F6E0H00Y6H163029', 'J200F6E0H00Y6H163029', '547445', '2017-11-28 09:37:25');
INSERT INTO `equipment` VALUES ('203', '6', '73', 'Monitor ATEC-Haier HL-1805WH 547447 J200F6E0H00Y6H161186', 'J200F6E0H00Y6H161186', '547447', '2017-11-28 09:38:06');
INSERT INTO `equipment` VALUES ('204', '6', '79', 'Monitor ATEC-Haier HL-1805WH 547446 J200F6E0H00Y6H161795', 'J200F6E0H00Y6H161795', '547446', '2017-11-28 09:39:00');
INSERT INTO `equipment` VALUES ('205', '6', '73', 'Monitor ATEC-Haier HL-1805WH 547448 J200F6E0H00Y6H163121', 'J200F6E0H00Y6H163121', '547448', '2017-11-28 09:39:29');
INSERT INTO `equipment` VALUES ('206', '6', '73', 'Monitor ATEC-Haier HL-1805WH 547449 J200F6E0H00Y6H161221', 'J200F6E0H00Y6H161221', '547449', '2017-11-28 10:49:37');
INSERT INTO `equipment` VALUES ('207', '6', '73', 'Monitor ATEC-Haier HL-1805WH 547450 J200F6E0H00Y6H162633', 'J200F6E0H00Y6H162633', '547450', '2017-11-28 10:50:21');
INSERT INTO `equipment` VALUES ('208', '6', '73', 'Monitor ATEC-Haier HL-1805WH 547451 J200F6E0H00Y6H163952', 'J200F6E0H00Y6H163952', '547451', '2017-11-28 10:50:50');
INSERT INTO `equipment` VALUES ('209', '6', '73', 'Monitor ATEC-Haier HL-1805WH 547452 J200F6E0H00Y6H163065', 'J200F6E0H00Y6H163065', '547452', '2017-11-28 10:51:21');
INSERT INTO `equipment` VALUES ('210', '6', '73', 'Monitor ATEC-Haier HL-1805WH 547453 J200F6E0H00Y6H163937', 'J200F6E0H00Y6H163937', '547453', '2017-11-28 10:51:44');
INSERT INTO `equipment` VALUES ('211', '6', '73', 'Monitor ATEC-Haier HL-1805WH 547454 J200F6E0H00Y6H162724', 'J200F6E0H00Y6H162724', '547454', '2017-11-28 10:52:17');
INSERT INTO `equipment` VALUES ('212', '6', '44', 'Monitor ATEC-Haier HL-1805WH 547455 J200F6E0H00Y6H162685', 'J200F6E0H00Y6H162685', '547455', '2017-11-28 10:52:43');
INSERT INTO `equipment` VALUES ('213', '6', '73', 'Monitor ATEC-Haier HL-1805WH 547456 J200F6E0H00Y6H161743', 'J200F6E0H00Y6H161743', '547456', '2017-11-28 10:53:06');
INSERT INTO `equipment` VALUES ('214', '6', '73', 'Monitor ATEC-Haier HL-1805WH 547457 J200F6E0H00Y6H161802', 'J200F6E0H00Y6H161802', '547457', '2017-11-28 10:53:31');
INSERT INTO `equipment` VALUES ('215', '6', '73', 'Monitor ATEC-Haier HL-1805WH 547458 J200F6E0H00Y6H161789', 'J200F6E0H00Y6H161789', '547458', '2017-11-28 10:54:56');
INSERT INTO `equipment` VALUES ('216', '6', '73', 'Monitor ATEC-Haier HL-1805WH 547459 J200F6E0H00Y6H161769', 'J200F6E0H00Y6H161769', '547459', '2017-11-28 11:00:01');
INSERT INTO `equipment` VALUES ('217', '6', null, 'Monitor ATEC-Haier HL-1805WH 547460 J200F6E0H00Y6H161729', 'J200F6E0H00Y6H161729', '547460', '2017-11-28 11:07:46');
INSERT INTO `equipment` VALUES ('218', '6', '46', 'Monitor ATEC-Haier HL-1805WH 547461 J200F6E0H00Y6H162627', 'J200F6E0H00Y6H162627', '547461', '2017-11-28 11:09:15');
INSERT INTO `equipment` VALUES ('219', '6', '46', 'Monitor ATEC-Haier HL-1805WH 547462 J200F6E0H00Y6H162712', 'J200F6E0H00Y6H162712', '547462', '2017-11-28 11:11:56');
INSERT INTO `equipment` VALUES ('220', '6', '46', 'Monitor ATEC-Haier HL-1805WH 547463 J200F6E0H00Y6H162694', 'J200F6E0H00Y6H162694', '547463', '2017-11-28 11:12:30');
INSERT INTO `equipment` VALUES ('221', '6', '46', 'Monitor ATEC-Haier HL-1805WH 547464 J200F6E0H00Y6H161992', 'J200F6E0H00Y6H161992', '547464', '2017-11-28 11:13:18');
INSERT INTO `equipment` VALUES ('222', '6', '46', 'Monitor ATEC-Haier HL-1805WH 547465 J200F6E0H00Y6H163026', 'J200F6E0H00Y6H163026', '547465', '2017-11-28 11:13:54');
INSERT INTO `equipment` VALUES ('223', '6', '46', 'Monitor ATEC-Haier HL-1805WH 547466 J200F6E0H00Y6H16', 'J200F6E0H00Y6H164806', '547466', '2017-11-28 11:14:21');
INSERT INTO `equipment` VALUES ('224', '6', '76', 'Monitor ATEC-Haier HL-1805WH 547467 J200F6E0H00Y6H162731', 'J200F6E0H00Y6H162731', '547467', '2017-11-28 11:15:04');
INSERT INTO `equipment` VALUES ('225', '6', '76', 'Monitor ATEC-Haier HL-1805WH 547468 J200F6E0H00Y6H162691', 'J200F6E0H00Y6H162691', '547468', '2017-11-28 11:19:34');
INSERT INTO `equipment` VALUES ('226', '6', '76', 'Monitor ATEC-Haier HL-1805WH 547469 J200F6E0H00Y6H162641', 'J200F6E0H00Y6H162641', '547469', '2017-11-28 11:20:35');
INSERT INTO `equipment` VALUES ('227', '6', '76', 'Monitor ATEC-Haier HL-1805WH 547470 J200F6E0H00Y6H162695', 'J200F6E0H00Y6H162695', '547470', '2017-11-28 11:21:38');
INSERT INTO `equipment` VALUES ('228', '6', '76', 'Monitor ATEC-Haier HL-1805WH 547471 J200F6E0H00Y6H163964', 'J200F6E0H00Y6H163964', '547471', '2017-11-28 11:32:02');
INSERT INTO `equipment` VALUES ('229', '6', '76', 'Monitor ATEC-Haier HL-1805WH 547472 J200F6E0H00Y6H161748', 'J200F6E0H00Y6H161748', '547472', '2017-11-28 11:32:40');
INSERT INTO `equipment` VALUES ('230', '6', '76', 'Monitor ATEC-Haier HL-1805WH 547473 J200F6E0H00Y6H162604', 'J200F6E0H00Y6H162604', '547473', '2017-11-28 11:33:28');
INSERT INTO `equipment` VALUES ('231', '6', '76', 'Monitor ATEC-Haier HL-1805WH 547474 J200F6E0H00Y6H162600', 'J200F6E0H00Y6H162600', '547474', '2017-11-28 11:38:41');
INSERT INTO `equipment` VALUES ('232', '6', '76', 'Monitor ATEC-Haier HL-1805WH 547475 J200F6E0H00Y6H162675', 'J200F6E0H00Y6H162675', '547475', '2017-11-28 11:39:38');
INSERT INTO `equipment` VALUES ('233', '6', '76', 'Monitor ATEC-Haier HL-1805WH 547476 J200F6E0H00Y6H163977', 'J200F6E0H00Y6H163977', '547476', '2017-11-28 11:41:19');
INSERT INTO `equipment` VALUES ('234', '6', null, 'Monitor ATEC-Haier HL-1805WH 547477 J200F6E0H00Y6H161801', 'J200F6E0H00Y6H161801', '547477', '2017-11-28 11:44:48');
INSERT INTO `equipment` VALUES ('235', '6', null, 'Monitor ATEC-Haier HL-1805WH 547478 J200F6E0H00Y6H162596', 'J200F6E0H00Y6H162596', '547478', '2017-11-28 13:25:52');
INSERT INTO `equipment` VALUES ('236', '6', null, 'Monitor ATEC-Haier HL-1805WH 547479 J200F6E0H00Y6H162670', 'J200F6E0H00Y6H162670', '547479', '2017-11-28 13:26:41');
INSERT INTO `equipment` VALUES ('237', '6', null, 'Monitor ATEC-Haier HL-1805WH 547480 J200F6E0H00Y6H162658', 'J200F6E0H00Y6H162658', '547480', '2017-11-28 13:28:01');
INSERT INTO `equipment` VALUES ('238', '6', null, 'Monitor ATEC-Haier HL-1805WH 547481 J200F6E0H00Y6H162713', 'J200F6E0H00Y6H162713', '547481', '2017-11-28 13:29:25');
INSERT INTO `equipment` VALUES ('239', '6', null, 'Monitor ATEC-Haier HL-1805WH 547482 J200F6E0H00Y6H162664', 'J200F6E0H00Y6H162664', '547482', '2017-11-28 13:30:39');
INSERT INTO `equipment` VALUES ('240', '6', null, 'Monitor ATEC-Haier HL-1805WH 547483 J200F6E0H00Y6H162687', 'J200F6E0H00Y6H162687', '547483', '2017-11-28 13:32:03');
INSERT INTO `equipment` VALUES ('241', '6', null, 'Monitor ATEC-Haier HL-1805WH 547484 J200F6E0H00Y6H162628', 'J200F6E0H00Y6H162628', '547484', '2017-11-28 13:32:45');
INSERT INTO `equipment` VALUES ('242', '5', '43', 'Monitor ATEC-Haier HL 2105WH 547485 J200F6E0H00Y6H163077', 'J200F6E0G00Y6H2G3077', '547485', '2017-12-04 11:50:03');
INSERT INTO `equipment` VALUES ('243', '5', '115', 'Monitor ATEC-Haier HL 2105WH 547486 J200F6E0H00Y6H162458', 'J200F6E0G00Y6H2G2458', '547486', '2017-12-04 11:50:24');
INSERT INTO `equipment` VALUES ('244', '5', '42', 'Monitor ATEC-Haier HL 2105WH 547487 J200F6E0H00Y6H163462', 'J200F6E0G00Y6H2G3462', '547487', '2017-12-04 11:50:51');
INSERT INTO `equipment` VALUES ('245', '5', null, 'Monitor ATEC-Haier HL 2105WH 547488 J200F6E0G00Y6H2G6189', 'J200F6E0G00Y6H2G6189', '547488', '2017-12-05 07:38:36');
INSERT INTO `equipment` VALUES ('246', '5', null, 'Monitor ATEC-Haier HL 2105WH 547489 J200F6E0G00Y6H2G2482', 'J200F6E0G00Y6H2G2482', '547489', '2017-12-05 07:39:03');
INSERT INTO `equipment` VALUES ('247', '5', '56', 'Monitor ATEC-Haier HL 2105WH 547490 J200F6E0G00Y6H2G2503', 'J200F6E0G00Y6H2G2503', '547490', '2017-12-05 07:39:36');
INSERT INTO `equipment` VALUES ('248', '5', null, 'Monitor ATEC-Haier HL 2105WH 547491 J200F6E0G00Y6H2G6144', 'J200F6E0G00Y6H2G6144', '547491', '2017-12-05 07:40:08');
INSERT INTO `equipment` VALUES ('249', '5', null, 'Monitor ATEC-Haier HL 2105WH 547492 J200F6E0G00Y6H2G2933', 'J200F6E0G00Y6H2G2933', '547492', '2017-12-05 07:40:42');
INSERT INTO `equipment` VALUES ('250', '5', '113', 'Monitor ATEC-Haier HL 2105WH 547493 J200F6E0G00Y6H2G6184', 'J200F6E0G00Y6H2G6184', '547493', '2017-12-05 07:41:15');
INSERT INTO `equipment` VALUES ('251', '5', '41', 'Monitor ATEC-Haier HL 2105WH 547494 J200F6E0G00Y6H2G2945', 'J200F6E0G00Y6H2G2945', '547494', '2017-12-05 07:42:18');
INSERT INTO `equipment` VALUES ('252', '7', '56', 'UPS NUMEN TS-650VA 547495 2017052370', '2017052370', '547495', '2017-12-05 08:16:35');
INSERT INTO `equipment` VALUES ('253', '7', null, 'UPS NUMEN TS-650VA 547496 2017052453', '2017052453', '547496', '2017-12-05 08:17:05');
INSERT INTO `equipment` VALUES ('254', '7', null, 'UPS NUMEN TS-650VA 547497 2017052371', '2017052371', '547497', '2017-12-05 08:17:47');
INSERT INTO `equipment` VALUES ('255', '7', null, 'UPS NUMEN TS-650VA 547498 2017051646', '2017051646', '547498', '2017-12-05 08:24:50');
INSERT INTO `equipment` VALUES ('256', '7', null, 'UPS NUMEN TS-650VA 547499 2017051648', '2017051648', '547499', '2017-12-05 08:25:20');
INSERT INTO `equipment` VALUES ('257', '7', null, 'UPS NUMEN TS-650VA 547500 2017051647', '2017051647', '547500', '2017-12-05 08:25:48');
INSERT INTO `equipment` VALUES ('258', '7', null, 'UPS NUMEN TS-650VA 547501 2017051649', '2017051649', '547501', '2017-12-05 08:26:28');
INSERT INTO `equipment` VALUES ('259', '7', null, 'UPS NUMEN TS-650VA 547502 2017052454', '2017052454', '547502', '2017-12-05 08:26:59');
INSERT INTO `equipment` VALUES ('260', '7', null, 'UPS NUMEN TS-650VA 547503 2017052455', '2017052455', '547503', '2017-12-05 08:27:24');
INSERT INTO `equipment` VALUES ('261', '7', null, 'UPS NUMEN TS-650VA 547504 2017052456', '2017052456', '547504', '2017-12-05 08:27:57');
INSERT INTO `equipment` VALUES ('262', '6', '45', 'Monitor ATEC-Haier HL-1805WH 547423 J200F6E0H00Y6H162647', 'J200F6E0H00Y6H162647', '547423', '2017-12-06 12:47:53');
INSERT INTO `equipment` VALUES ('263', '8', '56', 'Servidor HP HPE ML350 547505 CZ264100Y4', 'CZ264100Y4', '547505', '2017-12-27 14:49:41');
INSERT INTO `equipment` VALUES ('264', '8', null, 'Servidor HP HPE ML350 547506 CZ264100YC', 'CZ264100YC', '547506', '2017-12-27 14:50:14');
INSERT INTO `equipment` VALUES ('265', '5', '57', 'Monitor ATEC-Haier HL 2105WH 547511 J200F6E0G00Y6H2G3459', 'J200F6E0G00Y6H2G3459', '547511', '2017-12-29 07:47:50');
INSERT INTO `equipment` VALUES ('267', '5', '57', 'Monitor ATEC-Haier HL 2105WH  547511  J200F6E0G00Y6H2G3463', 'J200F6E0G00Y6H2G3463', '547511', '2017-12-29 07:52:44');
INSERT INTO `equipment` VALUES ('268', '5', '57', 'Monitor ATEC-Haier HL 2105WH  547511  J200F6E0G00Y6H2G2831', 'J200F6E0G00Y6H2G2831', '547511', '2017-12-29 07:53:13');
INSERT INTO `equipment` VALUES ('269', '9', '57', 'PC PEGATRON H81M-CT 547511  80975', '80975', '547511', '2017-12-29 07:54:17');
INSERT INTO `equipment` VALUES ('270', '9', '57', 'PC PEGATRON H81M-CT  547511 80875', '80875', '547511', '2017-12-29 07:54:33');
INSERT INTO `equipment` VALUES ('271', '9', '57', 'PC PEGATRON H81M-CT  547511 81476', '81476', '547511', '2017-12-29 07:54:57');
INSERT INTO `equipment` VALUES ('272', '7', '57', 'UPS NUMEN TS-650VA  547511 60605', '60605', '547511', '2017-12-29 07:55:33');
INSERT INTO `equipment` VALUES ('273', '7', '57', 'UPS NUMEN TS-650VA  547511 60596', '60596', '547511', '2017-12-29 07:57:44');
INSERT INTO `equipment` VALUES ('274', '7', '57', 'UPS NUMEN TS-650VA 547511  60595', '60595', '547511', '2017-12-29 07:58:08');
INSERT INTO `equipment` VALUES ('276', '10', '77', 'Monitor SAMSUNG E1920X 546230 V894H9NZ519802T', 'V894H9NZ519802T', '546230', '2018-02-06 10:29:48');
INSERT INTO `equipment` VALUES ('277', '11', '77', 'Monitor ATEC-Haier HL-1805WD 547204 J200F6E0W00Y6G315392', 'J200F6E0W00Y6G315392', '547204', '2018-02-06 10:34:56');
INSERT INTO `equipment` VALUES ('278', '10', '77', 'Monitor SAMSUNG E1920X 546239-1 V894H9NZ463838Z', 'V894H9NZ463838Z', '546239-1', '2018-02-06 10:40:59');
INSERT INTO `equipment` VALUES ('279', '12', '77', 'Monitor THTF M9WLA 546239-2 TMFE0980028M1137A', 'TMFE0980028M1137A', '546239-2', '2018-02-06 10:42:34');
INSERT INTO `equipment` VALUES ('280', '13', '77', 'Monitor ATEC-Haier HL-185BW1 546384 J200F2E0W00JRCAV6007', 'J200F2E0W00JRCAV6007', '546384', '2018-02-06 10:45:49');
INSERT INTO `equipment` VALUES ('281', '13', '77', 'Monitor ATEC-Haier HL-185BW1 546470 J200F2E0W00JRCAV5574', 'J200F2E0W00JRCAV5574', '546470', '2018-02-06 10:48:38');
INSERT INTO `equipment` VALUES ('282', '10', '77', 'Monitor SAMSUNG E1920X 546239-3 V894H9NZ463704F', 'V894H9NZ463704F', '546239-3', '2018-02-06 10:50:30');
INSERT INTO `equipment` VALUES ('283', '14', '77', 'Monitor ATEC-Haier HL-185BW2 546460 J200F3E0W00JRDAD3254', 'J200F3E0W00JRDAD3254', '546460', '2018-02-06 10:58:37');
INSERT INTO `equipment` VALUES ('284', '14', '77', 'Monitor ATEC-Haier HL-185BW2 546625 J200F3E0W00JRDAD4606', 'J200F3E0W00JRDAD4606', '546625', '2018-02-06 11:00:27');
INSERT INTO `equipment` VALUES ('285', '13', '77', 'Monitor ATEC-Haier HL-185BW1 546471 J200F2E0W00JRCAV6388', 'J200F2E0W00JRCAV6388', '546471', '2018-02-06 11:05:33');
INSERT INTO `equipment` VALUES ('286', '12', '77', 'Monitor THTF M9WLA 546239-4 TMFE0980028M1549A', 'TMFE0980028M1549A', '546239-4', '2018-02-06 11:07:29');
INSERT INTO `equipment` VALUES ('287', '12', '77', 'Monitor THTF M9WLA 545852 TMFE0980028M0374A', 'TMFE0980028M0374A', '545852', '2018-02-06 11:10:52');
INSERT INTO `equipment` VALUES ('288', '13', '77', 'Monitor ATEC-Haier HL-185BW1 546468 J200F2E0W00JRCAV6369', 'J200F2E0W00JRCAV6369', '546448', '2018-02-06 11:16:43');
INSERT INTO `equipment` VALUES ('289', '15', '77', 'Monitor ViewSonic VA1926W-5 545849 QRT082141082', 'QRT082141082', '545849', '2018-02-06 11:19:32');
INSERT INTO `equipment` VALUES ('290', '12', '111', 'Monitor THTF M9WLA 546145 TMFE0980028M0222A', 'TMFE0980028M0222A', '546145', '2018-02-09 08:40:36');
INSERT INTO `equipment` VALUES ('291', '16', '111', 'Monitor ViewSonic VG1930wm 545860 QC4083752965', 'QC4083752965', '545860', '2018-02-09 08:45:32');
INSERT INTO `equipment` VALUES ('292', '13', '111', 'Monitor ATEC-Haier HL-185BW1 546387 JC0BP00000JRC7A1870', 'JC0BP00000JRC7A1870', '546387', '2018-02-09 09:11:32');
INSERT INTO `equipment` VALUES ('293', '11', '111', 'Monitor ATEC-Haier HL-1805WD 517111 J200F6E0W00Y6G315366', 'J200F6E0W00Y6G315366', '517111', '2018-02-09 09:26:44');
INSERT INTO `equipment` VALUES ('294', '12', '111', 'Monitor THTF M9WLA 546129 TMFE0980028M0232A', 'TMFE0980028M0232A', '546129', '2018-02-09 09:31:34');
INSERT INTO `equipment` VALUES ('295', '10', '111', 'Monitor SAMSUNG E1920X 546648 V894H9NZ519803B', 'V894H9NZ519803B', '546648', '2018-02-09 09:35:32');
INSERT INTO `equipment` VALUES ('296', '11', '111', 'Monitor ATEC-Haier HL-1805WD 547371 J200F6E0W00Y6G315471', 'J200F6E0W00Y6G315471', '517109', '2018-02-09 09:39:07');
INSERT INTO `equipment` VALUES ('298', '10', '111', 'Monitor SAMSUNG E1920X 546239-5 V894H9NZ444212A', 'V894H9NZ444212A', '546239-5', '2018-02-09 12:36:15');
INSERT INTO `equipment` VALUES ('299', '15', '111', 'Monitor ViewSonic VA1926W-5 545867 QRT082141066', 'QRT082141066', '545867', '2018-02-22 07:49:46');
INSERT INTO `equipment` VALUES ('300', '12', '111', 'Monitor THTF M9WLA 546113 TMFE0980028M1603A', 'TMFE0980028M1603A', '546113', '2018-02-22 07:51:24');
INSERT INTO `equipment` VALUES ('301', '12', '111', 'Monitor THTF M9WLA 546130 TMFE0980028M0359A', 'TMFE0980028M0359A', '546130', '2018-02-22 07:51:59');
INSERT INTO `equipment` VALUES ('302', '12', '111', 'Monitor THTF M9WLA 546126 TMFE0980028M100A', 'TMFE0980028M100A', '546126', '2018-02-22 07:53:11');
INSERT INTO `equipment` VALUES ('303', '14', '112', 'Monitor ATEC-Haier HL-185BW2 546792 J200F30W00JRF2328', 'J200F30W00JRF232852', '546792', '2018-02-22 07:56:13');
INSERT INTO `equipment` VALUES ('304', '12', '112', 'Monitor THTF M9WLA 546128 TMFE0980028M1134A', 'TMFE0980028M1134A', '546128', '2018-02-22 08:04:05');
INSERT INTO `equipment` VALUES ('305', '12', '112', 'Monitor THTF M9WLA 546125 TMFE0980028M1156A', 'TMFE0980028M1156A', '546125', '2018-02-22 08:05:16');
INSERT INTO `equipment` VALUES ('306', '15', '112', 'Monitor ViewSonic VA1926W-5 545866 QRT082141094', 'QRT082141094', '545866', '2018-02-22 08:06:03');
INSERT INTO `equipment` VALUES ('307', '14', '112', 'Monitor ATEC-Haier HL-185BW2 546658 J200F3E0W00JRD4373', 'J200F3E0W00JRD4373', '546658', '2018-02-22 12:38:12');
INSERT INTO `equipment` VALUES ('308', '14', '114', 'Monitor ATEC-Haier HL-185BW2 546114 TMFE0980028M01184A', 'TMFE0980028M1184A', '546114', '2018-02-22 12:38:46');
INSERT INTO `equipment` VALUES ('309', '12', '114', 'Monitor THTF M9WLA 546112 TMFE0980028M1145A', 'TMFE0980028M1145A', '546112', '2018-02-22 12:41:28');
INSERT INTO `equipment` VALUES ('310', '12', '114', 'Monitor THTF M9WLA 546127 TMFE0980028M1127A', 'TMFE0980028M1127A', '546127', '2018-02-22 12:42:05');
INSERT INTO `equipment` VALUES ('311', '12', '114', 'Monitor THTF M9WLA 546219 TMFE0980028M1155A', 'TMFE0980028M1155A', '546219', '2018-02-22 12:42:37');

-- ----------------------------
-- Table structure for intalation
-- ----------------------------
DROP TABLE IF EXISTS `intalation`;
CREATE TABLE `intalation` (
  `id` int(11) NOT NULL AUTO_INCREMENT,
  `territory_id` int(11) DEFAULT NULL,
  `name` varchar(255) COLLATE utf8_unicode_ci NOT NULL,
  PRIMARY KEY (`id`),
  UNIQUE KEY `UNIQ_6F52A84E5E237E06` (`name`),
  KEY `IDX_6F52A84E73F74AD4` (`territory_id`),
  CONSTRAINT `FK_6F52A84E73F74AD4` FOREIGN KEY (`territory_id`) REFERENCES `territory` (`id`) ON DELETE CASCADE
) ENGINE=InnoDB AUTO_INCREMENT=97 DEFAULT CHARSET=utf8 COLLATE=utf8_unicode_ci;

-- ----------------------------
-- Records of intalation
-- ----------------------------
INSERT INTO `intalation` VALUES ('1', '2', 'Complejo Las Terrazas');
INSERT INTO `intalation` VALUES ('2', '4', 'Complejo Residencial Marina Hemingway');
INSERT INTO `intalation` VALUES ('3', '10', 'Hotel Brisas Santa Lucia');
INSERT INTO `intalation` VALUES ('4', '10', 'Hotel Roc Santa Lucia');
INSERT INTO `intalation` VALUES ('5', '4', 'Hotel Chateu Miramar');
INSERT INTO `intalation` VALUES ('6', '4', 'Casa Matriz');
INSERT INTO `intalation` VALUES ('7', '2', 'Hotel Soroa');
INSERT INTO `intalation` VALUES ('8', '1', 'Hotel Cayo Levisa');
INSERT INTO `intalation` VALUES ('9', '1', 'Hotel Los Jazmines');
INSERT INTO `intalation` VALUES ('10', '1', 'Hotel La Ermita');
INSERT INTO `intalation` VALUES ('11', '1', 'Hotel Rancho San Vicente');
INSERT INTO `intalation` VALUES ('12', '4', 'Hotel Be Live Havana City Copacabana');
INSERT INTO `intalation` VALUES ('13', '4', 'Hotel Comodoro');
INSERT INTO `intalation` VALUES ('14', '4', 'Bello Caribe');
INSERT INTO `intalation` VALUES ('15', '4', 'Hotel Mariposa');
INSERT INTO `intalation` VALUES ('16', '4', 'Hotel Tropicoco');
INSERT INTO `intalation` VALUES ('17', '4', 'Hotel Arenal');
INSERT INTO `intalation` VALUES ('18', '6', 'Hotel E Velasco');
INSERT INTO `intalation` VALUES ('19', '5', 'Hotel Bella Costa');
INSERT INTO `intalation` VALUES ('20', '5', 'Hotel Tuxpan');
INSERT INTO `intalation` VALUES ('21', '5', 'Hotel Brisas del Caribe');
INSERT INTO `intalation` VALUES ('22', '4', 'Hotel Melia Habana');
INSERT INTO `intalation` VALUES ('24', '4', 'Hotel Iberostar Parque Central');
INSERT INTO `intalation` VALUES ('25', '3', 'Hotel Memories Jibacoa');
INSERT INTO `intalation` VALUES ('26', '5', 'Hotel Iberostar Varadero');
INSERT INTO `intalation` VALUES ('27', '5', 'Hotel Melia Las Antillas');
INSERT INTO `intalation` VALUES ('28', '5', 'Hotel Sol Palmeras');
INSERT INTO `intalation` VALUES ('29', '5', 'Hotel Blau Varadero');
INSERT INTO `intalation` VALUES ('30', '5', 'Hotel Melia Las Americas');
INSERT INTO `intalation` VALUES ('31', '5', 'Hotel Melia Varadero');
INSERT INTO `intalation` VALUES ('32', '5', 'Hotel Royalton Hicacos');
INSERT INTO `intalation` VALUES ('33', '5', 'Hotel Los Cactus');
INSERT INTO `intalation` VALUES ('34', '5', 'Hotel Aguas Azules');
INSERT INTO `intalation` VALUES ('35', '6', 'Hotel Playa Girón');
INSERT INTO `intalation` VALUES ('36', '6', 'Villa Horizontes Guamá');
INSERT INTO `intalation` VALUES ('37', '6', 'Hotel Horizontes Playa Larga');
INSERT INTO `intalation` VALUES ('38', '6', 'Batey Horizontes Don Pedro');
INSERT INTO `intalation` VALUES ('39', '7', 'Hotel América');
INSERT INTO `intalation` VALUES ('40', '7', 'Hotel Horizontes La Granjita');
INSERT INTO `intalation` VALUES ('41', '7', 'Hotel Los Caneyes');
INSERT INTO `intalation` VALUES ('42', '7', 'Hotel E Barcelona');
INSERT INTO `intalation` VALUES ('43', '7', 'Hotel E Mascotte');
INSERT INTO `intalation` VALUES ('44', '7', 'Hotel E Camino del Principe');
INSERT INTO `intalation` VALUES ('45', '7', 'Hotel E Real');
INSERT INTO `intalation` VALUES ('46', '8', 'Hotel E La Ronda');
INSERT INTO `intalation` VALUES ('47', '8', 'Hotel E Las Cuevas');
INSERT INTO `intalation` VALUES ('48', '8', 'Hotel Trinidad 500');
INSERT INTO `intalation` VALUES ('49', '8', 'Hotel E Meson del Regidor');
INSERT INTO `intalation` VALUES ('50', '8', 'Hotel Horizontes Ma. Dolores');
INSERT INTO `intalation` VALUES ('51', '8', 'Hotel Club Amigo Costa Sur');
INSERT INTO `intalation` VALUES ('52', '8', 'Hotel Club Amigo Ancon');
INSERT INTO `intalation` VALUES ('53', '8', 'Hotel Brisas del Mar');
INSERT INTO `intalation` VALUES ('54', '9', 'Hotel Colonial Cayo Coco');
INSERT INTO `intalation` VALUES ('55', '9', 'Hotel Iberostar Mojito');
INSERT INTO `intalation` VALUES ('56', '9', 'Hotel Tryp Cayo Coco');
INSERT INTO `intalation` VALUES ('57', '8', 'Hotel Iberostar Trinidad');
INSERT INTO `intalation` VALUES ('58', '10', 'Hotel E El Marques');
INSERT INTO `intalation` VALUES ('59', '10', 'Hotel E Camino de Hierro');
INSERT INTO `intalation` VALUES ('60', '10', 'Hotel E Santa Maria');
INSERT INTO `intalation` VALUES ('61', '10', 'Hotel E La Avellaneda');
INSERT INTO `intalation` VALUES ('62', '10', 'Hotel E La Sevillana');
INSERT INTO `intalation` VALUES ('63', '10', 'Hotel Club Amigo Mayanabo');
INSERT INTO `intalation` VALUES ('64', '10', 'Hotel Club Bravo Caracol');
INSERT INTO `intalation` VALUES ('65', '11', 'Hotel Brisas Covarrubias');
INSERT INTO `intalation` VALUES ('66', '12', 'Hotel Club Amigo Atlántico Guardalavaca');
INSERT INTO `intalation` VALUES ('67', '12', 'Hotel Brisas Guardalava');
INSERT INTO `intalation` VALUES ('68', '12', 'Hotel E Caballeriza');
INSERT INTO `intalation` VALUES ('69', '12', 'Hotel E Ordoño');
INSERT INTO `intalation` VALUES ('70', '12', 'Hotel E Arcenita');
INSERT INTO `intalation` VALUES ('71', '13', 'Hotel Club Amigo Marea del Portillo');
INSERT INTO `intalation` VALUES ('72', '14', 'Hotel Melia Santiago');
INSERT INTO `intalation` VALUES ('73', '14', 'Hotel E San Basilio');
INSERT INTO `intalation` VALUES ('74', '14', 'Hotel Casa Granda');
INSERT INTO `intalation` VALUES ('75', '14', 'Hotel Punta Gorda');
INSERT INTO `intalation` VALUES ('76', '14', 'Hotel E Imperial');
INSERT INTO `intalation` VALUES ('77', '14', 'Hotel E Gran Hotel');
INSERT INTO `intalation` VALUES ('78', '14', 'Hotel Versalles');
INSERT INTO `intalation` VALUES ('79', '14', 'Hotel Brisas Sierra Mar');
INSERT INTO `intalation` VALUES ('80', '14', 'Hotel Brisas Los Galeones');
INSERT INTO `intalation` VALUES ('81', '14', 'Hotel Club Amigo Carisol-Los Corales');
INSERT INTO `intalation` VALUES ('82', '1', 'Complejo Viñales');
INSERT INTO `intalation` VALUES ('83', '4', 'Delegación Occidente');
INSERT INTO `intalation` VALUES ('84', '10', 'Complejo Camagüey Ciudad');
INSERT INTO `intalation` VALUES ('85', '5', 'Delegación Varadero');
INSERT INTO `intalation` VALUES ('86', '8', 'Complejo Trinidad del Mar');
INSERT INTO `intalation` VALUES ('87', '10', 'Delegación Camagüey');
INSERT INTO `intalation` VALUES ('88', '7', 'Complejo Remedios');
INSERT INTO `intalation` VALUES ('89', '4', 'Melia Cohiba');
INSERT INTO `intalation` VALUES ('90', '12', 'Empresa Integral Turística de Jibara');
INSERT INTO `intalation` VALUES ('91', '14', 'Delegación Santiago de Cuba');
INSERT INTO `intalation` VALUES ('92', '6', 'Empresa Integral Cienaga de Zapata');
INSERT INTO `intalation` VALUES ('93', '4', 'Complejo Quinta');
INSERT INTO `intalation` VALUES ('94', '8', 'Delegación Trinidad');
INSERT INTO `intalation` VALUES ('95', '8', 'Complejo Trinidad Ciudad');
INSERT INTO `intalation` VALUES ('96', '9', 'Delegación Ciego de Avila');

-- ----------------------------
-- Table structure for mark
-- ----------------------------
DROP TABLE IF EXISTS `mark`;
CREATE TABLE `mark` (
  `id` int(11) NOT NULL AUTO_INCREMENT,
  `name` varchar(20) COLLATE utf8_unicode_ci NOT NULL,
  `type_id` int(11) DEFAULT NULL,
  PRIMARY KEY (`id`),
  UNIQUE KEY `UNIQ_6674F2715E237E06` (`name`),
  KEY `IDX_6674F271C54C8C93` (`type_id`),
  CONSTRAINT `FK_6674F271C54C8C93` FOREIGN KEY (`type_id`) REFERENCES `type` (`id`)
) ENGINE=InnoDB AUTO_INCREMENT=12 DEFAULT CHARSET=utf8 COLLATE=utf8_unicode_ci;

-- ----------------------------
-- Records of mark
-- ----------------------------
INSERT INTO `mark` VALUES ('1', 'HP', '1');
INSERT INTO `mark` VALUES ('2', 'THTF', '3');
INSERT INTO `mark` VALUES ('3', 'COMBO', null);
INSERT INTO `mark` VALUES ('4', 'GDM', null);
INSERT INTO `mark` VALUES ('5', 'Fujitsu', null);
INSERT INTO `mark` VALUES ('6', 'ATEC-Haier', '3');
INSERT INTO `mark` VALUES ('7', 'NUMEN', null);
INSERT INTO `mark` VALUES ('9', 'PEGATRON', null);
INSERT INTO `mark` VALUES ('10', 'SAMSUNG', '3');
INSERT INTO `mark` VALUES ('11', 'ViewSonic', '3');

-- ----------------------------
-- Table structure for model
-- ----------------------------
DROP TABLE IF EXISTS `model`;
CREATE TABLE `model` (
  `id` int(11) NOT NULL AUTO_INCREMENT,
  `mark_id` int(11) DEFAULT NULL,
  `name` varchar(255) COLLATE utf8_unicode_ci NOT NULL,
  PRIMARY KEY (`id`),
  KEY `IDX_D79572D94290F12B` (`mark_id`),
  CONSTRAINT `FK_D79572D94290F12B` FOREIGN KEY (`mark_id`) REFERENCES `mark` (`id`)
) ENGINE=InnoDB AUTO_INCREMENT=17 DEFAULT CHARSET=utf8 COLLATE=utf8_unicode_ci;

-- ----------------------------
-- Records of model
-- ----------------------------
INSERT INTO `model` VALUES ('1', '3', 'SMART');
INSERT INTO `model` VALUES ('2', '4', 'W950LU');
INSERT INTO `model` VALUES ('3', '1', 'Laserjet MFP M227dw');
INSERT INTO `model` VALUES ('4', '5', 'Lifebook N7010');
INSERT INTO `model` VALUES ('5', '6', 'HL 2105WH');
INSERT INTO `model` VALUES ('6', '6', 'HL-1805WH');
INSERT INTO `model` VALUES ('7', '7', 'TS-650VA');
INSERT INTO `model` VALUES ('8', '1', 'HPE ML350');
INSERT INTO `model` VALUES ('9', '9', 'H81M-CT');
INSERT INTO `model` VALUES ('10', '10', 'E1920X');
INSERT INTO `model` VALUES ('11', '6', 'HL-1805WD');
INSERT INTO `model` VALUES ('12', '2', 'M9WLA');
INSERT INTO `model` VALUES ('13', '6', 'HL-185BW1');
INSERT INTO `model` VALUES ('14', '6', 'HL-185BW2');
INSERT INTO `model` VALUES ('15', '11', 'VA1926W-5');
INSERT INTO `model` VALUES ('16', '11', 'VG1930wm');

-- ----------------------------
-- Table structure for movement
-- ----------------------------
DROP TABLE IF EXISTS `movement`;
CREATE TABLE `movement` (
  `id` int(11) NOT NULL AUTO_INCREMENT,
  `user_id` int(11) DEFAULT NULL,
  `person_id` int(11) DEFAULT NULL,
  `number` int(11) NOT NULL,
  `date` datetime NOT NULL,
  `od` varchar(255) COLLATE utf8_unicode_ci DEFAULT NULL,
  `type` varchar(255) COLLATE utf8_unicode_ci DEFAULT NULL,
  `descripcion` longtext COLLATE utf8_unicode_ci,
  `instalation_id` int(11) DEFAULT NULL,
  PRIMARY KEY (`id`),
  KEY `IDX_F4DD95F7A76ED395` (`user_id`),
  KEY `IDX_F4DD95F7217BBB47` (`person_id`),
  KEY `IDX_F4DD95F7EC7EC6CA` (`instalation_id`),
  CONSTRAINT `FK_F4DD95F7217BBB47` FOREIGN KEY (`person_id`) REFERENCES `person` (`id`),
  CONSTRAINT `FK_F4DD95F7A76ED395` FOREIGN KEY (`user_id`) REFERENCES `user` (`id`) ON DELETE CASCADE,
  CONSTRAINT `FK_F4DD95F7EC7EC6CA` FOREIGN KEY (`instalation_id`) REFERENCES `intalation` (`id`)
) ENGINE=InnoDB AUTO_INCREMENT=116 DEFAULT CHARSET=utf8 COLLATE=utf8_unicode_ci;

-- ----------------------------
-- Records of movement
-- ----------------------------
INSERT INTO `movement` VALUES ('1', '1', '1', '1', '2017-07-04 00:00:00', '8c6a1c265323983572119be5db76bb04.pdf', 'Externo', null, '1');
INSERT INTO `movement` VALUES ('2', '1', '2', '2', '2017-07-05 00:00:00', 'd79bf284c6daa0dbe9667ee2f5bcb270.pdf', 'Externo', null, '2');
INSERT INTO `movement` VALUES ('3', '1', '3', '3', '2017-07-04 00:00:00', '6ebef79a0bd038bf0f1b839023a58b25.pdf', 'Externo', null, '3');
INSERT INTO `movement` VALUES ('4', '1', '4', '4', '2017-07-04 00:00:00', 'fb5c0a785b0ae3eb1ef2622d8b96b8dd.pdf', 'Externo', null, '4');
INSERT INTO `movement` VALUES ('5', '1', '5', '5', '2017-10-25 00:00:00', '66fa5449cf2ba741cdda55f16e5cdc18.pdf', 'Externo', null, '5');
INSERT INTO `movement` VALUES ('6', '2', '6', '6', '2017-10-30 00:00:00', '05b04918c1e28d5d9a2cab0868c7be0a.pdf', 'Interno', 'Se entrega Laptop nueva, marca GDM W950LU con las caracteristicas siguientes:\r\n1. CPU Intel Celeron N3060 1.6 GHz, 4GB de momoria RAM, con NS: 160817007S0372, HDD de 500 GB con NS: WXA1A66HY9ZK, lector de DVD-RW MOD SU208 con NS: S1B86YDH1001Q8, bateria recargable LI-ON con N/S CJ37W7DA000NG8, adaptador ac mod c/cable con ns: F18068160801908, targeta de red inalambrica INTEL MOD .3165GW', '6');
INSERT INTO `movement` VALUES ('7', '2', '7', '7', '2017-10-30 00:00:00', 'fe62dd385d4b0fcb4d14beba425573c8.pdf', 'Interno', 'Se entrega Laptop nueva, marca GDM W950LU con las caracteristicas siguientes: 1. CPU Intel Celeron N3060 1.6 GHz con NS: 1TW950LU6380377, 4GB de momoria RAM, con NS: 160817007S0069, HDD de 500 GB con NS: WXA1A66PFCR, lector de DVD-RW MOD SU208 con NS: S1B86YIH100BTJ, bateria recargable LI-ON con N/S CJ37W4DA000P6P, adaptador ac mod c/cable con ns: F180681608019980, targeta de red inalambrica INTEL MOD .3165GW', '6');
INSERT INTO `movement` VALUES ('8', '2', '8', '8', '2017-10-31 00:00:00', '3b3181e7ecb1a5625ea1d83d1381f6f4.pdf', 'Interno', 'Se entrega Laptop nueva, marca GDM W950LU ns: GDM017CELW950LU08637 , con las caracteristicas siguientes: 1. CPU Intel Celeron N3060 1.6 GHz, Motherboard C/CHS y Teclado con NS: 1TW950LU6382953,Memoria DDR3/L4G 1600 con NS: 160817007S0380, HDD de 500GB SATA(WD5000LPCX-22V HATO) con NS: WXA1A66HY296, DVD-RW MOD SU208 con NS: S1B86YDH1003L2, BATERIA recargable LI-ON con N/S CJ37W7DA000MSZ, adaptador ac mod c/cable con ns: F180681608019610, targeta de red inalambrica INTEL MOD .3165GW', '6');
INSERT INTO `movement` VALUES ('9', '2', '9', '9', '2017-10-31 00:00:00', 'de2a21f729116a362f23ee872e4f11db.pdf', 'Interno', 'Se entrega Laptop nueva, marca GDM W950LU ns: GDM017CELW950LU08280 , con las caracteristicas siguientes: 1. CPU Intel Celeron N3060 1.6 GHz, Motherboard C/CHS y Teclado con NS: 1TW950LU6381523,Memoria DDR3/L4G 1600 con NS: 160817007S0072, HDD de 500GB SATA(WD5000LPCX-22V HATO) con NS: WXA1A664RHZH, DVD-RW MOD SU208 con NS: S1B86YIH100R11, BATERIA recargable LI-ON con N/S CJ37W7DA000R11, adaptador ac mod c/cable con ns: F180681608020071, targeta de red inalambrica INTEL MOD .3165GW y me entrega Laptop FUJITSU LIFEBOOK N7010	C2D 2.26 GHz	4 GB 320 GB con NI : 545938 y NS: R9103868', '6');
INSERT INTO `movement` VALUES ('10', '2', '10', '10', '2017-11-06 00:00:00', '8b3bb55d99ef54927c900a71f17afe19.pdf', 'Externo', null, '82');
INSERT INTO `movement` VALUES ('11', '2', '10', '11', '2017-11-06 00:00:00', '569c99d316b3eccf1b272cf09b7643f8.pdf', 'Externo', 'Esto luego hay q arreglarlo por q se le dio a este hombre pero realmento es de cayo levisa', '8');
INSERT INTO `movement` VALUES ('12', '2', '15', '12', '2017-11-06 00:00:00', '067394f02de12706b79b98d2f8364867.pdf', 'Externo', null, '83');
INSERT INTO `movement` VALUES ('13', '2', '16', '13', '2017-11-07 00:00:00', 'd48ede33cd12cf3ba075778052f00b65.pdf', 'Externo', null, '41');
INSERT INTO `movement` VALUES ('15', '2', '17', '14', '2017-11-08 00:00:00', '0142206b583924f31db9df129049fb50.pdf', 'Externo', null, '65');
INSERT INTO `movement` VALUES ('16', '2', '18', '15', '2017-11-08 00:00:00', '06f47f3b28ac4c7a4642f607ac2d52bf.pdf', 'Externo', null, '54');
INSERT INTO `movement` VALUES ('17', '2', '2', '16', '2017-11-10 00:00:00', '9af66f811eae5487119d67cf70271cdb.pdf', 'Externo', null, '2');
INSERT INTO `movement` VALUES ('18', '2', '19', '17', '2017-11-10 00:00:00', '6b5d78258d6a3a1361950b4f4264a0f0.pdf', 'Externo', null, '15');
INSERT INTO `movement` VALUES ('19', '2', '5', '18', '2017-11-13 00:00:00', '82f7d83dc88e8bd4437ba9a275f8d0ff.pdf', 'Externo', null, '5');
INSERT INTO `movement` VALUES ('20', '2', '20', '19', '2017-11-14 00:00:00', '49060ad14d5d41fe878817322b8e178a.pdf', 'Externo', null, '84');
INSERT INTO `movement` VALUES ('21', '2', '21', '20', '2017-11-14 00:00:00', '9de769d06fbc3cb18b064ef13425204e.pdf', 'Externo', null, '7');
INSERT INTO `movement` VALUES ('22', '2', '22', '21', '2017-11-15 00:00:00', '42e075354963ead3dfba588a99e85921.pdf', 'Externo', null, '85');
INSERT INTO `movement` VALUES ('23', '2', '23', '22', '2017-11-17 00:00:00', 'd673ff61a73fa6357cb9d1dc3b0f3a20.pdf', 'Externo', null, '4');
INSERT INTO `movement` VALUES ('24', '2', '23', '23', '2017-11-17 00:00:00', 'eec7b8d772eb894c11bdd3822e5a1ba0.pdf', 'Externo', null, '3');
INSERT INTO `movement` VALUES ('25', '2', '24', '24', '2017-11-17 00:00:00', null, 'Externo', null, '86');
INSERT INTO `movement` VALUES ('26', '2', '18', '25', '2017-11-08 00:00:00', '4673717e8131de95236e48a18f11db54.pdf', 'Externo', null, '56');
INSERT INTO `movement` VALUES ('29', '2', '26', '26', '2017-11-20 00:00:00', '8df28f3bb4319039eedc2376a3e5e640.pdf', 'Externo', null, '88');
INSERT INTO `movement` VALUES ('30', '2', '25', '27', '2017-11-20 00:00:00', '19ca5770c6b5c1369b6f303d87ece733.pdf', 'Externo', null, '87');
INSERT INTO `movement` VALUES ('31', '2', '27', '28', '2017-11-20 00:00:00', 'fe3ac7b71747506788442450c76183a3.pdf', 'Externo', null, '89');
INSERT INTO `movement` VALUES ('32', '2', '28', '29', '2017-11-21 00:00:00', 'c729f627e1d3b696e55a84cce0aa08c5.pdf', 'Externo', null, '91');
INSERT INTO `movement` VALUES ('33', '2', '29', '30', '2017-11-21 00:00:00', 'e9013dd5aeb3f4a4fa6d89d55a9ac8a4.pdf', 'Externo', null, '90');
INSERT INTO `movement` VALUES ('34', '2', '30', '31', '2017-11-24 00:00:00', '5b4abb015750121a66b0f39c3dc6d760.pdf', 'Interno', null, '6');
INSERT INTO `movement` VALUES ('35', '2', '33', '32', '2017-11-24 00:00:00', '7d52897ccf3949e0e2990d62cbb67568.pdf', 'Interno', null, '6');
INSERT INTO `movement` VALUES ('36', '2', '34', '33', '2017-11-24 00:00:00', '346815857d009d35856a244c4ae282a8.pdf', 'Externo', null, '92');
INSERT INTO `movement` VALUES ('37', '2', '35', '34', '2017-11-28 00:00:00', '1c628d991c65e937fe85e11b17976329.pdf', 'Externo', null, '93');
INSERT INTO `movement` VALUES ('38', '2', '37', '35', '2017-11-07 00:00:00', '52c8ce17ab12b612257c159715c195f9.pdf', 'Externo', null, '94');
INSERT INTO `movement` VALUES ('39', '2', '32', '36', '2017-12-01 00:00:00', '21207ba67c8fce9c6756e566b8dfd1fc.pdf', 'Interno', null, '6');
INSERT INTO `movement` VALUES ('40', '2', '31', '37', '2017-12-01 00:00:00', null, 'Interno', null, '6');
INSERT INTO `movement` VALUES ('41', '2', '38', '38', '2017-12-05 00:00:00', null, 'Interno', 'El monitor de yudy se le puso a la adiestrada de desarrollo', '6');
INSERT INTO `movement` VALUES ('42', '2', '39', '39', '2017-12-06 00:00:00', '53defa3bace21233b7be444988a3dd35.pdf', 'Interno', null, '6');
INSERT INTO `movement` VALUES ('43', '2', '32', '40', '2017-12-06 00:00:00', '6f26980578ebc0c46cd091d8203d7025.pdf', 'Interno', null, '6');
INSERT INTO `movement` VALUES ('44', '2', '40', '41', '2017-12-06 00:00:00', null, 'Interno', null, '6');
INSERT INTO `movement` VALUES ('45', '2', '41', '42', '2017-12-06 00:00:00', '0f6485f4b90d88d239527fc1c670bbaa.pdf', 'Externo', null, '3');
INSERT INTO `movement` VALUES ('46', '2', '54', '43', '2018-01-06 00:00:00', 'bdb96e9053ab5dc521960525f589fd0e.pdf', 'Externo', null, '63');
INSERT INTO `movement` VALUES ('47', '2', '44', '44', '2017-12-19 00:00:00', 'ef05b5bdde91c53610c699fe718d9dba.pdf', 'Interno', 'Se le entrega monitor ATEC-Haier modelo HL-2105WH con NI: 547367y me entrega monitor ATEC-Haier HL-185BW2 de 18.5\", con NI: 546812 y NS: J200F30W00JRF232869', '6');
INSERT INTO `movement` VALUES ('48', '2', '45', '45', '2017-12-19 00:00:00', '8eb7ccc908d55ee61d5f64d5e399c942.pdf', 'Interno', 'Se le entrega monitor ATEC-Haier modelo HL-2105WH con NI: 547362 y me entrega monitor ViewSonic modelo VA1926W-5 de 18.5\" con NI: 545861	y NS: QRT082141073', '6');
INSERT INTO `movement` VALUES ('49', '2', '43', '46', '2017-12-19 00:00:00', '6e35bc481ae685c780d7d6b9c101ae55.pdf', 'Interno', 'Se le entrega monitor ATEC-Haier modelo HL-2105WH con NI: 547335  y me entrega monitor ViewSonic VG1930wm con NI: 546372 y NS: QC4083752946', '6');
INSERT INTO `movement` VALUES ('50', '2', '46', '47', '2017-12-19 00:00:00', '1b0391e44793a0d32cd4b3c194b85be6.pdf', 'Interno', 'Se le entrega monitor ATEC-Haier modelo HL-2105WH con NI: 547338 de 21\" y me entrega monitor ATEC-Haier HL-185BW2	 de 18.5\" con NS: J200F30WJRF232941', '6');
INSERT INTO `movement` VALUES ('51', '2', '47', '48', '2017-12-19 00:00:00', '2c7568bcfe64aa6377f5a0569ca32753.pdf', 'Interno', 'Se le entrega monitor ATEC-Haier modelo HL-2105WH con NI: 547365 de 21\" y me entrega monitor ViewSonic  VA1926W de 18.5\" con NI: 545954 y NS: QRT082140955', '6');
INSERT INTO `movement` VALUES ('52', '2', '48', '49', '2017-12-19 00:00:00', '49877a0e0981edd55310b11feee202ad.pdf', 'Interno', 'Se le entrega monitor ATEC-Haier modelo HL-2105WH con NI: 547339 de 21\" y me entrega monitor SAMSUNG E1920X de 18.5\" con NI: 546239y NS: V894H9NZ463860A', '6');
INSERT INTO `movement` VALUES ('53', '2', '49', '50', '2017-12-19 00:00:00', '0c77aa6c68ce1c579d72fff985be2cab.pdf', 'Interno', 'Se le entrega monitor ATEC-Haier modelo HL-2105WH con NI: 547364  de 21\" y me entrega monitor ATEC-Haier HL-185BW1 de 18.5\" con NI: 546441NS: JC0BP000000JRCC7A1817', '6');
INSERT INTO `movement` VALUES ('54', '2', '50', '51', '2017-12-21 00:00:00', '45c662696919a01fd8eac86ef47f2459.pdf', 'Interno', 'Se le entrega monitor ATEC-Haier modelo HL-2105WH con NI: 547336 de 21\" y me entrega monitor ATEC-HAIER de 18.5\" con NI: 545473 NS: JRCAV5325', '6');
INSERT INTO `movement` VALUES ('55', '2', '51', '52', '2017-12-21 00:00:00', '2a612ab91f79f484b0eb964f5aa47449.pdf', 'Interno', 'Se le entrega monitor ATEC-Haier modelo HL-2105WH con NI: 547336 de 21\" y me entrega monitor ViewSonic de 18.5\" con NI: 545952 NS: QRT0821411084', '6');
INSERT INTO `movement` VALUES ('56', '2', '52', '53', '2017-12-27 00:00:00', 'ee1c09ec64f6ef072d76fef857ff5972.pdf', 'Externo', null, '56');
INSERT INTO `movement` VALUES ('57', '2', '53', '54', '2017-12-04 00:00:00', '2bab428cdc18b2068c0c6e956ba33f55.pdf', 'Externo', null, '86');
INSERT INTO `movement` VALUES ('58', '2', '37', '55', '2018-01-08 00:00:00', '771376b629d040ea0b91abe7f307ec3d.pdf', 'Interno', 'Se le entrega monitor ATEC-Haier HL 2105WH de 21\", con  NI: 547337 y NS: J200F6E0G00Y6H2G3013 y me entrega Monitor ATEC-Haier de 18.5\" con NS: J200F6E0W00Y6G315408 y monitor ViewSonic VS11883 de 19\" con NI: 545955 y NS: QRT082141079', '6');
INSERT INTO `movement` VALUES ('59', '2', '8', '56', '2018-01-11 00:00:00', '1fe375d928bfe0a5863ad842f694355a.pdf', 'Interno', 'Se le entrega monitor ATEC-Haier HL 2105WH de 21\", con  NI: 547348  y NS: J200F6E0G00Y6H2G0328 y me entrega Monitor THTF de 18.5\" con NI: 545852', '6');
INSERT INTO `movement` VALUES ('60', '2', '55', '57', '2018-01-11 00:00:00', '7b7dc4b6d9f39829cf2510e80267dd72.pdf', 'Interno', 'Se le entrega monitor ATEC-Haier HL 2105WH de 21\", con  NI: 547349 y NS: J200F6E0G00Y6H2G6123 y me entrega Monitor ATEC-Haier  HL185BW1 con NI: 546471 y NS: CAV66388', '6');
INSERT INTO `movement` VALUES ('61', '2', '56', '58', '2018-01-11 00:00:00', '8a798950a0baeeebf7aa142fdc7de538.pdf', 'Interno', 'Se le entrega monitor ATEC-Haier HL 2105WH de 21\", con  NI: 547343 y NS: J200F6E0G00Y6H2G0359 y me entrega Monitor THTF de 18.5\" con NI: 546239', '6');
INSERT INTO `movement` VALUES ('62', '2', '6', '59', '2018-01-12 00:00:00', 'a1c4fccfa8920a85ac8b7e43282cc014.pdf', 'Interno', 'Se le entrega monitor ATEC-Haier HL 2105WH de 21\", con  NI: 547357 y NS: J200F6E0G00Y6H2G5339 y me entrega Monitor SAMSUNG E1920 de 18.5\" con NI: 546230 y NS: H9NZ519802T', '6');
INSERT INTO `movement` VALUES ('63', '2', '57', '60', '2018-01-12 00:00:00', 'd8426f180a81ade83df2673e78a5d562.pdf', 'Interno', 'Se entrega Monitor LCD marca ATEC-Haier y modelo HL-2105WH de 21.5\", con NI: 547350 y NS: J200F6E0G00Y6H2G5334 y se recoge Monitor LCD marca ATEC-Haier modelo HL-1805WD de 18.5\" con NI: 547204 y NS: .... G315339', '6');
INSERT INTO `movement` VALUES ('64', '2', '58', '61', '2018-01-12 00:00:00', '109160e838cd066a47a1ad9dfdf896d3.pdf', 'Interno', 'Se entrega Monitor LCD marca ATEC-Haier y modelo HL-2105WH de 21.5\", con NI: 547341 y NS: J200F6E0G00Y6H2G0339 y se recoge Monitor LCD marca ViewSonic modelo VA1926w-5 de 19\" con NI: 545849 y NS: .... QRT082141082', '6');
INSERT INTO `movement` VALUES ('65', '2', '59', '62', '2018-01-15 00:00:00', '798645fe5b8b335a2f23dba136f20fca.pdf', 'Interno', 'Se le entrega monitor ATEC-Haier HL 2105WH de 21\", con  NI: 547342 y NS: J200F6E0G00Y6H2G0322  y me entrega Monitor ATEC-Haier HL-1805WD de 18.5\" con NI: 547106 y NS: J200F6E0W00Y6G315339', '6');
INSERT INTO `movement` VALUES ('66', '2', '63', '63', '2018-01-15 00:00:00', '747153a21e5f2943c9c8c67bcf7c724a.pdf', 'Interno', 'Se le entrega monitor ATEC-Haier HL 2105WH de 21\", con  NI: 547353 y NS: J200F6E0G00Y6H2G2962  y me entrega Monitor ATEC-Haier de 18.5\" con NI: 546468', '6');
INSERT INTO `movement` VALUES ('67', '2', '60', '64', '2018-01-15 00:00:00', '4aa913e1341d7b5ff4676910987cb56f.pdf', 'Interno', 'Se le entrega monitor ATEC-Haier HL 2105WH de 21\", con  NI: 547352  y NS: J200F6E0G00Y6H2G0912  y me entrega Monitor ATEC-Haier de 18.5\" con NI: 546625', '6');
INSERT INTO `movement` VALUES ('68', '2', '61', '65', '2018-01-15 00:00:00', '977f1acad0f1ecf3e3dd5d80f05789f6.pdf', 'Interno', 'Se le entrega monitor ATEC-Haier HL 2105WH de 21\", con  NI: 547354 NS: J200F6E0G00Y6H2G6149 y me entrega Monitor THTF de 18.5\" con NI: 546239', '6');
INSERT INTO `movement` VALUES ('69', '2', '62', '66', '2018-01-15 00:00:00', 'd70deafce6e470d47a201c694b15f3c1.pdf', 'Interno', 'Se le entrega monitor ATEC-Haier HL 2105WH de 21\", con  NI: 547356 y NS: J200F6E0G00Y6H2G0334  y me entrega Monitor SAMSUNG de 18.5\" con NI: 546239', '6');
INSERT INTO `movement` VALUES ('70', '2', '64', '67', '2018-01-15 00:00:00', 'ed28ac510090b30b5f2026644dea47cb.pdf', 'Interno', 'Se le entrega monitor ATEC-Haier HL 2105WH de 21\", con NI: 547351 NS: J200F6E0G00Y6H2G5352 y me entrega Monitor ATEC-Haier de 18.5\" con NI: 546384', '6');
INSERT INTO `movement` VALUES ('71', '2', '66', '68', '2018-01-15 00:00:00', '8f13f4987c28ccb0a3918e9e51e0bd2e.pdf', 'Interno', 'Se le entrega monitor ATEC-Haier HL 2105WH de 21\", con  NI: 547347 y NS: J200F6E0G00Y6H2G0353  y me entrega Monitor ATEC-Haier HL-1805WD de 18.5\" con NI: 546464 y NS: J200F3E0W00JRDAD3254.', '6');
INSERT INTO `movement` VALUES ('72', '2', '9', '69', '2018-01-15 00:00:00', '16e1accca69db7a9bcf1079def749b5c.pdf', 'Interno', 'Se le entrega monitor ATEC-Haier HL 2105WH de 21\", con  NI: 547345 y NS: J200F6E0G00Y6H2G5332  y me entrega Monitor SAMSUNG de 18.5\" con NI: 546239', '6');
INSERT INTO `movement` VALUES ('73', '2', '67', '70', '2018-01-19 00:00:00', 'b69bcadbbb84a29b8b4dab64d2b7eed6.pdf', 'Externo', null, '95');
INSERT INTO `movement` VALUES ('74', '2', '68', '71', '2018-01-23 00:00:00', '2e2b5ca18107d86da837d3ac528d8a27.pdf', 'Interno', 'Se le entrega monitor ATEC-Haier HL2105WH de 21\", con NI: 547338 y me entrega Monitor ATEC-Haier HL185BW1 de 18.5\" con Ni: 546470', '6');
INSERT INTO `movement` VALUES ('75', '2', '69', '72', '2018-01-30 00:00:00', '361ed6d4d49aaccba235faf5cf3e63af.pdf', 'Externo', null, '96');
INSERT INTO `movement` VALUES ('76', '2', '70', '73', '2018-02-06 00:00:00', 'e55b2c430b1d2723ece3bc2499f8cea9.pdf', 'Externo', null, '79');
INSERT INTO `movement` VALUES ('77', '2', '71', '74', '2018-02-06 00:00:00', '7a24a3cf14ef301878c086d5f5f8d811.pdf', 'Externo', null, '78');
INSERT INTO `movement` VALUES ('78', '2', '72', '75', '2018-02-06 00:00:00', '55c6d4c92a324e39e4fb02d8079a306d.pdf', 'Externo', null, '41');
INSERT INTO `movement` VALUES ('79', '2', '73', '76', '2018-02-07 00:00:00', '0d1f472d8cb11b84c38829067ef3e77d.pdf', 'Externo', null, '92');
INSERT INTO `movement` VALUES ('80', '2', '74', '77', '2018-02-08 00:00:00', '587c6fdb556be39fac9ba15b84506cbd.pdf', 'Interno', 'Se le entrega monitor ATEC-Haier de 21, con NI: 547368 y NS:  J200F6E0G00Y6H2G0337\",  y me entrega ViewSonic VG1930wm con NI: 545860 de 18\" NS: QC4083752965', '6');
INSERT INTO `movement` VALUES ('81', '2', '78', '78', '2018-02-08 00:00:00', 'b80dfca0f75202e12d5d0bfd4b6fcbbd.pdf', 'Interno', 'Se le entrega monitor ATEC-Haier de 21 con NI: 547386\", y me entrega THTF M9WLA con NI: 546145 de 18\" NS: TMFE0980028M0222A', '6');
INSERT INTO `movement` VALUES ('82', '2', '79', '79', '2018-02-08 00:00:00', '84fc560abb0a517d03d650889f32b637.pdf', 'Interno', 'Se le entrega monitor ATEC-Haier de 21 con NI: 547387\", y me entrega monitor ATEC-Haier con NI: 546387 de 18\" NS: JC0BP00000JRC7A1870', '6');
INSERT INTO `movement` VALUES ('83', '2', '77', '80', '2018-02-08 00:00:00', 'b705663e9311e53234153a77b6d1fe49.pdf', 'Interno', 'Se le entrega monitor ATEC-Haier de 21\" con NI: 547369\", y me entrega monitor ATEC-Haier HL-1805WD con NI: 517111', '6');
INSERT INTO `movement` VALUES ('84', '2', '82', '81', '2018-02-08 00:00:00', 'b481598255457167fa37ac27ea5bcd9b.pdf', 'Interno', 'Se le entrega Monitor ATEC-Haier de 21\" con NI: 547372 y me entrega Monitor THTF de 18\" con NI: 546129 y NS: TMFE0980028M0232A', '6');
INSERT INTO `movement` VALUES ('85', '2', '76', '82', '2018-02-09 00:00:00', 'd6b59cce00d75d3a46d879a240c618f6.pdf', 'Interno', 'Se le entrega Monitor ATEC-Haier de 21\" con NI: 547370y me entrega Monitor SAMSUNG de 18\" con NI: 546648 y NS: V894H9NZ519803B', '6');
INSERT INTO `movement` VALUES ('86', '2', '75', '83', '2018-02-09 00:00:00', 'b47b0454db7e24339223d1944e3975ea.pdf', 'Interno', 'Se le entrega Monitor ATEC-Haier de 21\" con NI: 547371 y me entrega Monitor ATEC-Haier de 18\" con NI: 547109 y NS: J200F6E0W00Y6G315471', '6');
INSERT INTO `movement` VALUES ('87', '2', '71', '84', '2018-02-08 00:00:00', 'c23e1d3019139e2e05759231570751df.pdf', 'Externo', null, '78');
INSERT INTO `movement` VALUES ('88', '2', '80', '85', '2018-02-08 00:00:00', null, 'Interno', null, '6');
INSERT INTO `movement` VALUES ('89', '2', '81', '86', '2018-02-09 00:00:00', 'ab3902c54c6c0582fb3e09401de986d5.pdf', 'Interno', null, '6');
INSERT INTO `movement` VALUES ('90', '2', '6', '87', '2018-02-09 00:00:00', '49e45a5a8fe36d01465277fab7a8384e.pdf', 'Interno', null, '6');
INSERT INTO `movement` VALUES ('91', '2', '83', '88', '2018-02-09 00:00:00', '956dedb96609eb976bafb19997197cfe.pdf', 'Interno', 'Se le entrega monitor ATEC-Haier HL-2105WH, con NI: 547346 y NS: J200F6E0G00Y6H2G5393 y me entrega monitor SAMSUNG E1920 con NI: 546239', '6');
INSERT INTO `movement` VALUES ('92', '2', '84', '89', '2018-02-09 00:00:00', null, 'Interno', null, '6');
INSERT INTO `movement` VALUES ('93', '2', '85', '90', '2018-01-31 00:00:00', '936e031df8ac32d0aea6887ada8de6db.pdf', 'Interno', 'Se entrega LAPTOP marca GDM modelo W950LU con N/S GDM017CELW950LU08620 y N/lnv 547312 CPU INTEL Celeron N3060 a 1.6 GHz Motherboar C/CHS y Teclado N/S 1TW95LU6381732, Memoria RAM DDR3/ 4GB a 1600 MHz N/S 160817007S0409, HDD WD de 500GB Sata con N/S WXA1A66HYAHC, Lector de DVD-RW modelo SU-208 con N/S S1B86YDH10043K, Batería Li-ON Bat-4 N/S CJ35W7DAOOOB2F,\r\nDescripcion :  Adaptador AC modelo C/Cable con N/S F180681608019615, tarjeta de red inalambrica lntel modelo 3165GW. Se recoge LAPTOP Toshiba Satellite Pro R50, CPU lntel Core i3, 4GB de RAM, 500GB de HDD con N/lnv 545511 y N/S 19E049101HSSSG0003005CED; y LAPTOP DELL Inspiran 1520 (ROTA), CPU Core 2 Duo, 1GB RAM, 120GB HDD, con N/lnv 545820 y N/S 20020330 .', '6');
INSERT INTO `movement` VALUES ('94', '2', '37', '91', '2018-02-12 00:00:00', '9447a93ed74b4a9d4c50fd1f1c96fef4.pdf', 'Interno', 'Se entrega LAPTOP marca GDM modelo W950LU con N/S GDM017CELW950LU08626 y N/lnv 547314 CPU INTEL Celeron N3060 a 1.6 GHz Motherboar C/CHS y Teclado N/S 1TW95LU6381679, Memoria RAM DDR3/ 4GB a 1600 MHz N/S 160817007S0390, HDD WD de 500GB Sata con N/S WXC1A76F7R8Z, Lector de DVD-RW modelo SU-208 con N/S S1B86YDH10043H, Batería Li-ON Bat-4 N/S CJ37W7DA000NR9, Adaptador AC modelo C/Cable con N/S F180681608019612, tarjeta de red inalambrica lntel modelo 3165GW. \r\nSe recoge LAPTOP Toshiba Satellite Pro C50, CPU lntel Core i3, 4GB de RAM, 500GB de HDD con N/lnv 546685 y N/S: 4E065126S', '6');
INSERT INTO `movement` VALUES ('95', '2', '86', '92', '2018-02-13 00:00:00', '0509e8ecd1b1932f334c9220ebbfa3f1.pdf', 'Externo', null, '19');
INSERT INTO `movement` VALUES ('96', '2', '94', '93', '2018-02-14 00:00:00', '7725121253873d72c9bbffd6327f93b5.pdf', 'Interno', 'Se le ca mbia monitor THTF con numero de serie TMFE0980028M0359A  y numero de inventario\r\n546130 por monitor ATEC-Haier  HL-2 105WH  con numero de serie   J200F6EOGOOY6H2G0302 y\r\nnumero de inventario  547384', '6');
INSERT INTO `movement` VALUES ('97', '2', '89', '94', '2018-02-14 00:00:00', '5c94f4cc60bcb4115b0e93e321b97389.pdf', 'Interno', 'Se le cambia monitor View-Sonic con numero de serie QRT082141066 y numero de inventario 545867 por monitor ATEC·Haier Hl-2105W H con numero de serie J200F6EOGOOY6H 2G0305 y numero de inventario   547382', '6');
INSERT INTO `movement` VALUES ('98', '2', '96', '95', '2018-02-14 00:00:00', '409651f82cbdf6198b5a6c25ed35b777.pdf', 'Interno', 'Se le cambia monitor THTF con numero de serie TMFE0980028M1603A  y numero de inventario 546113 por monitor ATEC-Haier HL-2 10SWH con numero de serie J200F6EOGOOY6H2G0335 y numero de inventario    547383', '6');
INSERT INTO `movement` VALUES ('99', '2', '92', '96', '2018-02-14 00:00:00', 'd2d4f11f3d65c745bf4ba321e2eecc91.pdf', 'Interno', 'Se le entrega monitor ATEC-Haier HL-2105WH con NI: 547376 y NS: J200F6EOGOOY6H2G6141  y me entrega\r\nmonitor THTF de 18.5\'\' con NI: 546127 y NS: TMFE0980028M1127A', '6');
INSERT INTO `movement` VALUES ('100', '2', '87', '97', '2018-02-14 00:00:00', '6767b8a324f84f455ccc90daaff812af.pdf', 'Interno', 'Se le entrega monitor ATEC-Haier HL-2105WH con NI: 547374 y NS: J200F6EOGOOY6H2G6135  y me entrega\r\nmonitor THTF de 18.5\'\' con NI: 546128 y NS: TMFE0980028M1134A', '6');
INSERT INTO `movement` VALUES ('101', '2', '30', '98', '2018-02-14 00:00:00', '7598f07336835e1e35a58ef701a03813.pdf', 'Interno', 'Se le entrega monitor ATEC-Haier HL-2105WH con NI: 547373 y NS: J200F6EOGOOY6H2G6131  y me entrega\r\nmonitor ATEC-Haier de 18.5\'\' con NI: 546792 y NS: J2000F3G0W00JRF232852', '6');
INSERT INTO `movement` VALUES ('102', '2', '91', '99', '2018-02-14 00:00:00', '1b39096255ee2abc5122e8ca63a3734d.pdf', 'Interno', 'Se le entrega monitor ATEC-Haier HL-2105WH con NI: 547375 y NS: J200F6EOGOOY6H2G6163 monitor THTF de 18.5\'\' con NI: 546126 y NS: TMFE0980028Ml100A', '6');
INSERT INTO `movement` VALUES ('103', '2', '97', '100', '2018-02-14 00:00:00', '97633a19776b5d387eaa7575903be8d8.pdf', 'Interno', 'Se le cambia monitor THTF-M9WLA con numero de serie TMFE0980028M1155A  y numero de\r\n!inventa rio 546214 por monitor ATEC-Haier Hl-2105WH con numero de serie\r\nJ200F6EOGOOY6H2G5345  y numero de inventario 547380', '6');
INSERT INTO `movement` VALUES ('104', '2', '31', '101', '2018-02-14 00:00:00', 'b46aa1b5434fe0c763f0d586f758bb1c.pdf', 'Interno', 'Se le cambia monitor THTF con numero de serie TMFE0980028M1184A  y numero de inventario 546114 por monitor ATEC-Haier HL-2 105WH con numero de serie J200F6E0G00Y6H2G5392 y numero  de inventario 547378', '6');
INSERT INTO `movement` VALUES ('105', '2', '93', '102', '2018-02-14 00:00:00', '5e000473e730377336f662330fbaf3c5.pdf', 'Interno', 'Se le cambia  monitor THTF con numero de serie TME9800228M1145A  y numero de inventario 546112 por monitor ATEC-Haier HL-2105WH  con numero de serie J200F6E0G00Y6H2G5341 y numero  de  inventario  547381', '6');
INSERT INTO `movement` VALUES ('106', '2', '88', '103', '2018-02-19 00:00:00', '06cb8fcca287bc916b6a998ae2c3d7bd.pdf', 'Interno', 'Se le entrega monitor ATEC-Haier HL-2105WH con NI: 547385 y NS: J200F6EOGOOY6H2G0341 y me entrega monitor ViewSonic de 18.5\'\' con NI: 545866 y NS: QRT082141094', '6');
INSERT INTO `movement` VALUES ('107', '2', '9', '104', '2018-02-20 00:00:00', 'f4510c336fb16b0b420d0630fd64efbd.pdf', 'Interno', null, '6');
INSERT INTO `movement` VALUES ('108', '2', '63', '105', '2018-02-21 00:00:00', '4c66285ca56a76a38e81659d08134ea0.pdf', 'Interno', null, '6');
INSERT INTO `movement` VALUES ('109', '2', '95', '106', '2018-02-21 00:00:00', 'cc6f84d9311908c38be56d58fba2334d.pdf', 'Interno', 'Se le cambia monitor THTF con numero de serie TMFE0980028M1156A  y numero de inventario 546125 por monitor ATEC-Haier HL-2105WH con numero de serie J200F6EOGOOY6H2G5344 y numero de inventario 547377', '6');
INSERT INTO `movement` VALUES ('110', '2', '98', '107', '2018-02-22 00:00:00', 'cfd3a55c5ef282915daa0b3c69bd97e6.pdf', 'Interno', null, '6');
INSERT INTO `movement` VALUES ('111', '2', '99', '108', '2018-02-26 00:00:00', '02b3c18725243a545cbd1fb422167fa8.pdf', 'Externo', null, '13');
INSERT INTO `movement` VALUES ('112', '2', '100', '109', '2018-02-28 00:00:00', '6fbf0466d2fcd3c8406a65e57f540363.pdf', 'Externo', null, '14');
INSERT INTO `movement` VALUES ('113', '2', '81', '110', '2018-02-28 00:00:00', 'ef57cc787bfd142c4a878dd3ea0a82c3.pdf', 'Interno', 'Se entrega MONITOR LCD ATEC-Haier modelo HL-2105WH de 21.5\" con N/lnv 547493 y N/S\r\nJ 200F6EOGOOY6H2G6184 y se recoge MONITOR LCD SAMSUNG modelo LS19CLZSFV de 18.5\'\' con\r\nIN/Inv 546239 y N/S V894H9NZ464205A.', '6');
INSERT INTO `movement` VALUES ('114', '2', '103', '111', '2018-02-28 00:00:00', '2f0982ba4e87f9e40019f26e2b7c7e5c.pdf', 'Externo', null, '12');
INSERT INTO `movement` VALUES ('115', '2', '104', '112', '2018-03-01 00:00:00', 'd4790459c94daf240b10506688914899.pdf', 'Interno', 'Se le cambia monitor ATEC-HAIER con numero de serie JRC7A0443 y numero de inventario 546378 por monitor ATEC-Haier HL-2105WH con numero de serie J200F6EOGOOY6H2G2458 y nume ro de inventario 547486', '6');

-- ----------------------------
-- Table structure for person
-- ----------------------------
DROP TABLE IF EXISTS `person`;
CREATE TABLE `person` (
  `id` int(11) NOT NULL AUTO_INCREMENT,
  `instalation_id` int(11) DEFAULT NULL,
  `name` varchar(255) COLLATE utf8_unicode_ci NOT NULL,
  `cargo` varchar(255) COLLATE utf8_unicode_ci NOT NULL,
  `CI` bigint(20) NOT NULL,
  `department_id` int(11) DEFAULT NULL,
  PRIMARY KEY (`id`),
  UNIQUE KEY `UNIQ_34DCD176958DF70D` (`CI`),
  KEY `IDX_34DCD176EC7EC6CA` (`instalation_id`),
  KEY `IDX_34DCD176AE80F5DF` (`department_id`),
  CONSTRAINT `FK_34DCD176AE80F5DF` FOREIGN KEY (`department_id`) REFERENCES `department` (`id`),
  CONSTRAINT `FK_34DCD176EC7EC6CA` FOREIGN KEY (`instalation_id`) REFERENCES `intalation` (`id`) ON DELETE CASCADE
) ENGINE=InnoDB AUTO_INCREMENT=105 DEFAULT CHARSET=utf8 COLLATE=utf8_unicode_ci;

-- ----------------------------
-- Records of person
-- ----------------------------
INSERT INTO `person` VALUES ('1', '1', 'Alejandro Fontanilla Serrano', 'Chofer', '63012215284', null);
INSERT INTO `person` VALUES ('2', '2', 'Brucerlie García García', 'Encargado de Almacen', '80082919108', null);
INSERT INTO `person` VALUES ('3', '3', 'Omar Norsisa Negrin', 'Especialista en ciencias informáticas', '72090521943', null);
INSERT INTO `person` VALUES ('4', '4', 'Humberto del Cisco', 'Subdirector Económico', '59032326946', null);
INSERT INTO `person` VALUES ('5', '5', 'Jorge Enrrique Fernández Garcia', 'Subdirector Economico', '86022507767', null);
INSERT INTO `person` VALUES ('6', '6', 'Teresa Vallin Planas', 'Directora', '65101016618', '4');
INSERT INTO `person` VALUES ('7', '6', 'Leonor Inclan Reyes', 'Directora', '66080228957', '11');
INSERT INTO `person` VALUES ('8', '6', 'Dayana López Paez', 'J\' Grupo', '78070303337', '3');
INSERT INTO `person` VALUES ('9', '6', 'Tamara Marrero Martínez', 'Directora', '70092231091', '7');
INSERT INTO `person` VALUES ('10', '82', 'Diosdado Guerrero Piñero', 'Comprador', '74052700909', null);
INSERT INTO `person` VALUES ('15', '83', 'Carlos Miguel Rosales Paz', 'Delegado', '68092610702', null);
INSERT INTO `person` VALUES ('16', '41', 'Alberto Cardenas Aguiar', 'Informatico', '88072214207', null);
INSERT INTO `person` VALUES ('17', '65', 'Salvador Otazua Peña', 'Subdirector Económico', '73092202308', null);
INSERT INTO `person` VALUES ('18', '54', 'Osiry Alvarez Morales', 'Subdirector de RRHH', '68111404789', null);
INSERT INTO `person` VALUES ('19', '15', 'Alexander Aguilar Rodríguez', 'Director General', '87110831786', null);
INSERT INTO `person` VALUES ('20', '84', 'Juan José Díaz Tong', 'Director General', '63032708508', null);
INSERT INTO `person` VALUES ('21', '7', 'Dairon Soler Garcia', 'Esp. SSTT', '88102701324', null);
INSERT INTO `person` VALUES ('22', '85', 'Leandro Rodríguez Cedeño', 'Esp. Energético', '80082530465', null);
INSERT INTO `person` VALUES ('23', '4', 'Hildemar Hizada Santana', 'Especialista Informatico', '770122116828', null);
INSERT INTO `person` VALUES ('24', '86', 'Carlos Manuel Batista Ortega', 'Comprador', '70090503028', null);
INSERT INTO `person` VALUES ('25', '84', 'Raicel Pacheco Mora', 'Económico', '79040216428', null);
INSERT INTO `person` VALUES ('26', '88', 'Erick Castillo Mesa', 'Subdirector de Económico', '74121129901', null);
INSERT INTO `person` VALUES ('27', '89', 'Rolando Llanes Peña', 'Especialista Principal de Informática', '87121109663', null);
INSERT INTO `person` VALUES ('28', '91', 'Liudmila Vicente Fonseca', 'Especialista en Gestión Ecónomica', '70120911812', null);
INSERT INTO `person` VALUES ('29', '90', 'Yudirka Ramirez Tejeda', 'Especialista en Gestión Ecónomica', '84072020814', null);
INSERT INTO `person` VALUES ('30', '6', 'Margarita Guerra Gutierrez', 'Tecnico A en Gestion Economica (EP)', '47081600870', '12');
INSERT INTO `person` VALUES ('31', '6', 'Miguel Florencio Morales Vilau', 'Especialista B en Gestion Economica (EP)', '69100328424', '13');
INSERT INTO `person` VALUES ('32', '6', 'Geovani  Guada Valdes', 'Especialista B en Inversiones', '75021103123', '9');
INSERT INTO `person` VALUES ('33', '6', 'María Trasancos Alvarez', 'Especialista B en gestion Economica (EP)', '40040202018', '6');
INSERT INTO `person` VALUES ('34', '92', 'Jorge Miranda', 'Subdirector de Económico', '68120309289', null);
INSERT INTO `person` VALUES ('35', '93', 'Yaisley Rodriguez Marrero', 'Directora Genral', '83061908733', null);
INSERT INTO `person` VALUES ('36', '94', 'Yusleidy González Cabezas', 'Delegada', '75022708510', null);
INSERT INTO `person` VALUES ('37', '6', 'Jorge Alberto Garcia Dominguez', 'Vicepresidente Primero', '66082924307', null);
INSERT INTO `person` VALUES ('38', '6', 'Yudy Manzur Castañón', 'Directora', '80082410073', '14');
INSERT INTO `person` VALUES ('39', '6', 'Humberto Cornillot García', 'J\' Grupo', '62101712429', '15');
INSERT INTO `person` VALUES ('40', '6', 'Ismael Zulueta Mena', 'J\' Grupo', '50061709706', '16');
INSERT INTO `person` VALUES ('41', '3', 'Vladimir Aguilera Garrido', 'J\' SSTT', '66011005201', null);
INSERT INTO `person` VALUES ('42', '63', 'Alexis González Chao', 'Director General', '66081709045', null);
INSERT INTO `person` VALUES ('43', '6', 'Yamily Aldama Valdes', 'Presidenta', '67072000611', '1');
INSERT INTO `person` VALUES ('44', '6', 'Teresita Mercedes Garcia Muruarte', 'J\' Despacho', '60092514873', '1');
INSERT INTO `person` VALUES ('45', '6', 'Kenia Cumberbach Ganzo', 'Secretaria', '68101919512', '1');
INSERT INTO `person` VALUES ('46', '6', 'José Garrido Silverio', 'Vicepresidente de Operaciones', '53121210008', '10');
INSERT INTO `person` VALUES ('47', '6', 'Yamila Hernández Sarmiento', 'Secretaria', '65082402710', '10');
INSERT INTO `person` VALUES ('48', '6', 'Marisabel González Hernandez', 'Vic. Mercadotecnia', '63020300190', '17');
INSERT INTO `person` VALUES ('49', '6', 'Olga Lidia Rocio Jimenez', 'Secretaria Ejecutiva', '610814216', '17');
INSERT INTO `person` VALUES ('50', '6', 'Alain Docampo Romaguera', 'Vicepresidente Económico', '84072007044', '18');
INSERT INTO `person` VALUES ('51', '6', 'Mercedes Machín Esnarriaga', 'Secretaria Ejecutiva', '62053109299', '18');
INSERT INTO `person` VALUES ('52', '56', 'Christian Patricio Hernández Mansfeld', 'Director General', '62112100504', null);
INSERT INTO `person` VALUES ('53', '86', 'Damaso Miranda Cantero', 'J\' Compras', '7212113266', null);
INSERT INTO `person` VALUES ('54', '63', 'Pedro Suarez Chamorro', 'J\' Compras', '54111303905', null);
INSERT INTO `person` VALUES ('55', '6', 'Rafael Llames Izquierdo', 'Director', '55102326783', '2');
INSERT INTO `person` VALUES ('56', '6', 'Yanielkis Leon Tamayo', 'Director Económico', '81102218946', '19');
INSERT INTO `person` VALUES ('57', '6', 'Juan Carlos Castros Diaz', 'Director', '57121106666', '20');
INSERT INTO `person` VALUES ('58', '6', 'Danay Portales Estrada', 'Directora', '65042712735', '21');
INSERT INTO `person` VALUES ('59', '6', 'Ramon B. Pomes Hernandez', 'Especialista', '47120508888', '22');
INSERT INTO `person` VALUES ('60', '6', 'José Antonio Mesa Bejerano', 'Director', '61032213505', '23');
INSERT INTO `person` VALUES ('61', '6', 'Lazaro Guillen Chapman', 'Director', '61102012435', '25');
INSERT INTO `person` VALUES ('62', '6', 'María Isabel González Rodriguez', 'J\' Grupo', '63070629277', '26');
INSERT INTO `person` VALUES ('63', '6', 'Orestes Teodoro Carro Denis', 'J\' Grupo', '44111405262', '27');
INSERT INTO `person` VALUES ('64', '6', 'Lorenzo Justiniano Díaz Denis', 'J\' Grupo', '52090530603', '28');
INSERT INTO `person` VALUES ('65', '86', 'Alexei Ruiz Rodríguez', 'Especialista Informatico', '72081002209', null);
INSERT INTO `person` VALUES ('66', '6', 'Niurka Pérez Denis', 'Directora', '71050907532', '29');
INSERT INTO `person` VALUES ('67', '86', 'Loanny Ruíz Rojas', 'Chofer', '83122513160', null);
INSERT INTO `person` VALUES ('68', '6', 'Bernaldo Blanco Brunet', 'Director', '60052015546', '8');
INSERT INTO `person` VALUES ('69', '96', 'Rogelio Garcia Garcia', 'Delegado', '69051807941', null);
INSERT INTO `person` VALUES ('70', '79', 'Javier Francisco Bermúdez Olivares', 'Especialista Informático', '63062012806', null);
INSERT INTO `person` VALUES ('71', '78', 'Mario Frómeta Esteris', 'Comprador', '71080512587', null);
INSERT INTO `person` VALUES ('72', '41', 'Omar Milian Torres', 'Director General', '68122516086', null);
INSERT INTO `person` VALUES ('73', '92', 'Osmany Vazquez Carballea', 'Comprador', '67072000360', null);
INSERT INTO `person` VALUES ('74', '6', 'Luisa Isabel Lopez-Calleja Rodriguez', 'J\' Grupo', '63062100976', '30');
INSERT INTO `person` VALUES ('75', '6', 'Juan Alberto Martínez Milanez', 'Tecnico A en Gestión Económica', '68063000742', '30');
INSERT INTO `person` VALUES ('76', '6', 'Mercedes de las N.  González López', 'Especialista B en Gestion Economica', '63101812197', '30');
INSERT INTO `person` VALUES ('77', '6', 'Darlene Capote Quevedo', 'Tecnico A en Gestión Económica', '93102031934', '30');
INSERT INTO `person` VALUES ('78', '6', 'Caridad Elvira López Torreblanca', 'Especialista B en Gestion de Recursos Humanos', '67011212954', '31');
INSERT INTO `person` VALUES ('79', '6', 'Yanire del Valle Calas', 'Especialista B en Gestion de Recursos Humanos', '72050810776', '31');
INSERT INTO `person` VALUES ('80', '6', 'Yudith Pelier Rodriguez', 'Tecnico en gestión Documental', '77030607912', '31');
INSERT INTO `person` VALUES ('81', '6', 'Odalys Mabel Ramirez Perez', 'Esp. A en Asistencia y Atención a Delegaciones Extanjeras', '69080402338', '31');
INSERT INTO `person` VALUES ('82', '6', 'Leanet Martínez Poey', 'Tecnico A en Gestión Económica', '98070908573', '30');
INSERT INTO `person` VALUES ('83', '6', 'Francisco Carracedo Montesino', 'Cajero', '66100442441', '30');
INSERT INTO `person` VALUES ('84', '6', 'Enio Javier Nieto Basnueva', 'Especialista Informatico', '89020845946', '14');
INSERT INTO `person` VALUES ('85', '6', 'Miguel Bruguera Gonzalez', 'J\' Grupo', '61030214369', '32');
INSERT INTO `person` VALUES ('86', '19', 'Ibia Betancourt Asen', 'Directora Genral', '61120913336', null);
INSERT INTO `person` VALUES ('87', '6', 'Zandra Tamayo Cordoves', 'T/M en Economia', '73120911110', '12');
INSERT INTO `person` VALUES ('88', '6', 'Roberto Grado Pedro', 'Especialista B en Gestion Economica', '57081802022', '19');
INSERT INTO `person` VALUES ('89', '6', 'Manuel Cabrera Corrales', 'Especialista B en Gestion Economica (EP)', '59112608222', '33');
INSERT INTO `person` VALUES ('91', '6', 'Isabel Cristina Guerra Agrafojo', 'Especialista B en Gestion Economica', '61112311952', '12');
INSERT INTO `person` VALUES ('92', '6', 'Annia Durruthy Kindelan', 'Especialista B en Gestion Economica', '72091709879', '12');
INSERT INTO `person` VALUES ('93', '6', 'Daibis Diaz Duany', 'Tecnico A en Gestión Económica', '89111221217', '13');
INSERT INTO `person` VALUES ('94', '6', 'Apsara Montalvo Méndez', 'Especialista B en Gestion Economica', '87090409770', '33');
INSERT INTO `person` VALUES ('95', '6', 'Edith Gladys Pelicié Camejo', 'Especialista B en Gestion Economica', '86101826995', '12');
INSERT INTO `person` VALUES ('96', '6', 'Yaima Hernández Guardiola', 'Especialista B en Gestion Economica', '80121803751', '33');
INSERT INTO `person` VALUES ('97', '6', 'Grisel Espinosa Hierrezuelo', 'Adiestrada', '1111', '13');
INSERT INTO `person` VALUES ('98', '6', 'Anabel Dorta Barreda', 'Adiestrada', '7777', '11');
INSERT INTO `person` VALUES ('99', '13', 'Ileana Regüeirferos Otamendiz', 'Subdirectora de RRHH', '68042708979', null);
INSERT INTO `person` VALUES ('100', '14', 'Ernesto Raúl Noa Benítez', 'Especialista Informático', '68110202582', null);
INSERT INTO `person` VALUES ('102', '6', 'Tavier Martínez Almanza', 'Esp. Principal', '81012004144', '14');
INSERT INTO `person` VALUES ('103', '12', 'José Acen Abreu', 'Informático', '75101802245', null);
INSERT INTO `person` VALUES ('104', '6', 'Juan Francisco Rivero Valero', 'Director', '58040203941', '35');

-- ----------------------------
-- Table structure for role
-- ----------------------------
DROP TABLE IF EXISTS `role`;
CREATE TABLE `role` (
  `id` int(11) NOT NULL AUTO_INCREMENT,
  `name` varchar(30) COLLATE utf8_unicode_ci NOT NULL,
  `role` varchar(20) COLLATE utf8_unicode_ci NOT NULL,
  PRIMARY KEY (`id`)
) ENGINE=InnoDB AUTO_INCREMENT=3 DEFAULT CHARSET=utf8 COLLATE=utf8_unicode_ci;

-- ----------------------------
-- Records of role
-- ----------------------------
INSERT INTO `role` VALUES ('1', 'Administrador', 'ROLE_ADMIN');
INSERT INTO `role` VALUES ('2', 'Usuarios', 'ROLE_USER');

-- ----------------------------
-- Table structure for territory
-- ----------------------------
DROP TABLE IF EXISTS `territory`;
CREATE TABLE `territory` (
  `id` int(11) NOT NULL AUTO_INCREMENT,
  `name` varchar(255) COLLATE utf8_unicode_ci NOT NULL,
  PRIMARY KEY (`id`)
) ENGINE=InnoDB AUTO_INCREMENT=15 DEFAULT CHARSET=utf8 COLLATE=utf8_unicode_ci;

-- ----------------------------
-- Records of territory
-- ----------------------------
INSERT INTO `territory` VALUES ('1', 'Pinar del Rio');
INSERT INTO `territory` VALUES ('2', 'Artemisa');
INSERT INTO `territory` VALUES ('3', 'Mayabeque');
INSERT INTO `territory` VALUES ('4', 'La Habana');
INSERT INTO `territory` VALUES ('5', 'Varadero');
INSERT INTO `territory` VALUES ('6', 'Matanzas');
INSERT INTO `territory` VALUES ('7', 'Villa Clara');
INSERT INTO `territory` VALUES ('8', 'Sancti Spiritus');
INSERT INTO `territory` VALUES ('9', 'Ciego de Avila');
INSERT INTO `territory` VALUES ('10', 'Camagüey');
INSERT INTO `territory` VALUES ('11', 'Las Tunas');
INSERT INTO `territory` VALUES ('12', 'Holguin');
INSERT INTO `territory` VALUES ('13', 'Granma');
INSERT INTO `territory` VALUES ('14', 'Santiago de Cuba');

-- ----------------------------
-- Table structure for type
-- ----------------------------
DROP TABLE IF EXISTS `type`;
CREATE TABLE `type` (
  `id` int(11) NOT NULL AUTO_INCREMENT,
  `name` varchar(255) COLLATE utf8_unicode_ci NOT NULL,
  PRIMARY KEY (`id`),
  UNIQUE KEY `UNIQ_8CDE57295E237E06` (`name`)
) ENGINE=InnoDB AUTO_INCREMENT=14 DEFAULT CHARSET=utf8 COLLATE=utf8_unicode_ci;

-- ----------------------------
-- Records of type
-- ----------------------------
INSERT INTO `type` VALUES ('4', 'Escaner de pasaporte');
INSERT INTO `type` VALUES ('1', 'Impresora');
INSERT INTO `type` VALUES ('10', 'Laptop');
INSERT INTO `type` VALUES ('3', 'Monitor');
INSERT INTO `type` VALUES ('6', 'Mouse');
INSERT INTO `type` VALUES ('12', 'Otros');
INSERT INTO `type` VALUES ('2', 'PC');
INSERT INTO `type` VALUES ('13', 'Servidor');
INSERT INTO `type` VALUES ('9', 'Servidor de gama alta');
INSERT INTO `type` VALUES ('7', 'Servidor de gama baja');
INSERT INTO `type` VALUES ('8', 'Servidor de gama media');
INSERT INTO `type` VALUES ('5', 'Teclado');
INSERT INTO `type` VALUES ('11', 'UPS');

-- ----------------------------
-- Table structure for user
-- ----------------------------
DROP TABLE IF EXISTS `user`;
CREATE TABLE `user` (
  `id` int(11) NOT NULL AUTO_INCREMENT,
  `email` varchar(255) COLLATE utf8_unicode_ci NOT NULL,
  `username` varchar(255) COLLATE utf8_unicode_ci NOT NULL,
  `password` varchar(256) COLLATE utf8_unicode_ci NOT NULL,
  `name` varchar(64) COLLATE utf8_unicode_ci NOT NULL,
  `occupation` varchar(64) COLLATE utf8_unicode_ci NOT NULL,
  `is_active` tinyint(1) NOT NULL,
  PRIMARY KEY (`id`),
  UNIQUE KEY `UNIQ_8D93D649E7927C74` (`email`),
  UNIQUE KEY `UNIQ_8D93D649F85E0677` (`username`)
) ENGINE=InnoDB AUTO_INCREMENT=4 DEFAULT CHARSET=utf8 COLLATE=utf8_unicode_ci;

-- ----------------------------
-- Records of user
-- ----------------------------
INSERT INTO `user` VALUES ('1', 'informatico4@cubanacan.tur.cu', 'javier', '$2y$12$.VY1f/W0IYipaIn7BipLGuryH9gIOh485qt1hwHpwJzHadUFlwlaq', 'Enio Javier Nieto Basnueva', 'Especialista Informático', '1');
INSERT INTO `user` VALUES ('2', 'javiernieto1989@gmail.com', 'admin', '$2y$12$LOximw22qnfQvJSPFSZrxeg3kBGBNM7LIyGCJVUeq24aW8C7Ys8x6', 'Javier Nieto', 'Especialista Informático', '1');
INSERT INTO `user` VALUES ('3', 'informatico1@cubanacan.tur.cu', 'Andy', '$2y$12$EK1XBE2E9f4Kz3KG5tdaOe/MunpvFNe1sD604HpZcgGuMQUh5GO6S', 'Andy Gacía Mirabal', 'Especialista en sistemas', '1');

-- ----------------------------
-- Table structure for users_roles
-- ----------------------------
DROP TABLE IF EXISTS `users_roles`;
CREATE TABLE `users_roles` (
  `user_id` int(11) NOT NULL,
  `role_id` int(11) NOT NULL,
  PRIMARY KEY (`user_id`,`role_id`),
  KEY `IDX_51498A8EA76ED395` (`user_id`),
  KEY `IDX_51498A8ED60322AC` (`role_id`),
  CONSTRAINT `FK_51498A8EA76ED395` FOREIGN KEY (`user_id`) REFERENCES `user` (`id`) ON DELETE CASCADE,
  CONSTRAINT `FK_51498A8ED60322AC` FOREIGN KEY (`role_id`) REFERENCES `role` (`id`) ON DELETE CASCADE
) ENGINE=InnoDB DEFAULT CHARSET=utf8 COLLATE=utf8_unicode_ci;

-- ----------------------------
-- Records of users_roles
-- ----------------------------
INSERT INTO `users_roles` VALUES ('1', '1');
INSERT INTO `users_roles` VALUES ('2', '1');
INSERT INTO `users_roles` VALUES ('3', '1');
SET FOREIGN_KEY_CHECKS=1;
